official_name,address_txt,id
Commissariat de Police de Sevran,5-7 rue Gabriel-Péri 93270 Sevran,480079e6-f1ce-4275-9e69-f1143b5a20fd
Commissariat de police  de Puteaux-La-Défense,9 place de la Défense 92400 Courbevoie,2ba7602f-cdb8-4ca9-9c29-b55dd0bbce05
Commissariat de police - Permanence accueil-plaintes Villeneuve-Le-Roi,Locaux Police Municipale  56 avenue Sadi-Carnot 94290 Villeneuve-le-Roi,979d8ea8-e7da-42a6-adff-b342fb0e3bcc
Commissariat de police - Poste de Police Orly Tech,7 allée du Commandant Mouchotte 91550 Paray-Vieille-Poste,4a12ae4b-a313-4ea7-83f3-8971d2a018ce
Commissariat de police - Poste de plaintes Paris 6ème arrondissement,78 rue Bonaparte 75006 Paris Cedex 06,efb814dc-0a48-4057-b4f8-717dc0fe1d50
Commissariat de police - Poste de plaintes Paris centre,61 rue Jean-Jacques Rousseau 75001 Paris Cedex 01,73cdfca8-4832-4c60-9f3e-a1c6333bf548
Commissariat de police - Poste de plaintes de Paris 15e arrondissement,44 rue Linois 75015 Paris Cedex 15,a41dc7e2-52b2-47a6-9d02-5750bb249cb0
Commissariat de police - Poste de plaintes de Paris 18e arrondissement,34 rue de la Goutte-d'Or 75018 Paris,1c38947d-2958-4e4b-aafe-b663a4e55b3b
Commissariat de police - Poste de plaintes de Paris 19e arrondissement,3 rue Riquet 75019 Paris,e5593be1-8561-4f9b-b505-ef220b6bd801
Commissariat de police - Poste de plaintes de Paris 8e arrondissement,1 rue de Lisbone 75008 Paris Cedex 8,ede12056-1e72-436f-a10e-42d456a93628
Commissariat de police - Poste de plaintes de Paris 9e arrondissement,21 rue du Faubourg Saint-Antoine 75009 Paris,bf8f9c8b-3bc0-4806-88bc-9cf6debab642
Commissariat de police Central - Poste de plaintes Paris de 16e arrondissement,75 rue de la Faisanderie 75016 Paris,d4fdc942-ae3c-499c-92f8-2f4e80991d11
Commissariat de police d'Alfortville,26 rue du Port-à-l’Anglais 94140 Alfortville,2d0b065d-d6e2-4dbd-9e23-aada5efa2443
Commissariat de police d'Antony,50 avenue Galliéni 92160 Antony,f2655ef6-25a6-48e0-b3d7-6e4dd3824c3b
Commissariat de police d'Argenteuil,21 avenue du Maréchal-Foch 95100 Argenteuil,d9f2b251-ba17-4418-b760-a9c7b53be9cf
Commissariat de police d'Arpajon,10 rue du Docteur-Louis-Babin 91290 Arpajon,ab9f1d70-74bd-45e5-9843-ea5341d4003c
Commissariat de police d'Asnières-sur-Seine,12 rue du Château 92600 Asnières-sur-Seine,99bff3d7-8d86-4780-933d-6e4b6945f0b8
Commissariat de police d'Athis-Mons,21 rue Jean-Baptiste-de-la-Salle 91200 Athis-Mons,c7818fab-57d0-4507-99fb-2f4ef439673b
Commissariat de police d'Aubervilliers,16 rue Léopold-Réchossière 93300 Aubervilliers,0473aacf-9e17-47c7-8b2a-defc67c1c5c0
Commissariat de police d'Aulnay-sous-Bois,26 rue Louis-Barrault 93600 Aulnay-sous-Bois,366e948b-308d-4fdf-b6c1-4717247bd08e
Commissariat de police d'Enghien-les-Bains,20 rue Malville 95880 Enghien-les-Bains,d72b6c03-3204-407f-a244-d7db6cff5096
Commissariat de police d'Ermont,201 rue Richepin 95120 Ermont,39ad7264-3fea-4680-9d98-58929527f68f
Commissariat de police d'Evry-Corbeil,Boulevard de France 91000 Évry,f10d7384-79c6-4153-a8fa-87f830a10a22
Commissariat de police d'Issy-les-Moulineaux,22 avenue Victor-Cresson 92130 Issy-les-Moulineaux,a29a5ffa-d2e8-4f41-96da-412b90b4352d
Commissariat de police d'Ivry-sur-Seine,Place Marcel-Cachin 94200 Ivry-sur-Seine,f99bc53f-cb96-4104-a8df-13db64fd2bbc
Commissariat de police d'Orly,Hôtel de police  2 avenue de Barcelone 94396 Orly,a13e0d98-86df-4aec-9856-fadaf6c1eb91
Commissariat de police d'Épernay,1 rue du Général-Silvester 51200 Épernay,3d0f4b5b-4848-4c1a-bf09-9c06e753f662
Commissariat de police d'Épinay-sur-Seine,40 rue de Quetigny 93800 Épinay-sur-Seine,415b33d0-1c2e-404b-811d-26dc4d1f93f1
Commissariat de police d'Étampes,7 avenue de Paris 91150 Étampes,a64b6e8d-0c3f-4865-bae2-46e46ded20c7
Commissariat de police de Bagneux,1 rue des Mathurins 92220 Bagneux,d1ae255c-caa6-4806-aeb3-623d977a589e
Commissariat de police de Bezons,24 avenue Gabriel-Péri 95870 Bezons,e824daf0-605e-4bae-8072-1bec3ae595ef
Commissariat de police de Bobigny,45 rue de Carency 93000 Bobigny,8e246eb1-f0db-44f5-8598-308e6048346f
Commissariat de police de Bois-Colombe,5 rue du 8 Mai 1945 92700 Colombes,a524bd79-21c0-4afa-a675-2fb0ae5698c0
Commissariat de police de Boissy-Saint-Léger,1 rue Jacques-Prévert 94470 Boissy-Saint-Léger,9405f591-d172-49e2-895d-67a632d70cb3
Commissariat de police de Bondy,1 rue Gaston Defferre 93140 Bondy,17c2e023-97dc-4685-957a-5504458e3102
Commissariat de police de Boulogne-Billancourt,24 avenue André Morizet 92100 Boulogne-Billancourt,dd4098dc-41bf-48ed-a894-b318ed2e074c
Commissariat de police de Brie-Comte-Robert,2 boulevard Jean Jaurès 77170 Brie-Comte-Robert,e6545a46-25f8-4aa3-ae5c-e1baf7166d0b
Commissariat de police de Brunoy,4 boulevard du Général-de-Gaulle 91800 Brunoy,e6fd046a-9597-46e2-8e62-6683349bea08
Commissariat de police de Brétigny-sur-Orge,39 avenue Georges Guynemer 91220 Brétigny-sur-Orge,bf655bcf-b2dd-4c22-9db1-114c6c69832d
Commissariat de police de Cachan,15 rue Marx Dormoy 94230 Cachan,06b6a0d2-cb8e-475f-a4f7-71f7fff764f4
Commissariat de police de Cergy,4 rue de la Croix-des-Maheux 95000 Cergy,5af19715-8a7b-4b63-bd75-bf19285f92b0
Commissariat de police de Cergy-Saint-Christophe,12 rue de l'Abondance 95800 Cergy,2922d3d5-9d14-40fc-9af8-e54e501ffc22
Commissariat de police de Champigny-sur-Marne,7 place Rodin 94500 Champigny-sur-Marne,3ae45d4b-f49e-4ee5-8e48-1cd9d5a6cf92
Commissariat de police de Champs-sur-Marne,Rue Flandres-Dunkerque 77420 Champs-sur-Marne,3e1194a2-d72e-42d4-8f0d-6539a5b0929b
Commissariat de police de Charenton-le-Pont,26 rue de Conflans 94220 Charenton-le-Pont,3119e565-baa8-4d19-a872-6fbf6465314f
Commissariat de police de Chelles,2 avenue de Claye 77505 Chelles,87862143-7ba9-4e71-bbf9-415dfffac860
Commissariat de police de Chennevières-sur-Marne,8 rue du Général-de-Gaulle 94430 Chennevières-sur-Marne,2e4eef36-9e56-44a4-a9d6-55fd32c001fe
Commissariat de police de Chessy,Rue du Grand-Secours 77700 Chessy,b45e71c2-84d8-4cd9-8260-decc522acb50
Commissariat de police de Choisy-le-Roi,9 rue Léon-Gourdault 94600 Choisy-le-Roi,2c0f6fd4-9801-44ca-b47d-3bf70b0a26d4
Commissariat de police de Châtenay-Malabry,28 rue du Docteur-le-Savoureux 92290 Châtenay-Malabry,116840eb-9a7b-43ce-a0db-3f23b0013971
Commissariat de police de Clamart,1 avenue Jean-Jaurès 92140 Clamart,ac5f9ac5-7e49-403e-88cc-06c565f1aa35
Commissariat de police de Clichy-la-Garenne,96 rue Martre 92110 Clichy,944ca306-0c14-4ca4-bb23-7928189ffc37
Commissariat de police de Clichy-sous-Bois,1 Carrefour des Libertés 93390 Clichy-sous-Bois,f4f08089-30c8-4e52-8f77-637b1b0b3cf3
Commissariat de police de Colombes,5 rue du 8-Mai-1945 92700 Colombes,0fd7c7aa-7630-40ed-80be-f966d201d89a
Commissariat de police de Conflans-Sainte-Honorine,1 square de Ramsgate 78700 Conflans-Sainte-Honorine,04c4e2a8-22b4-4ee5-a6f8-6c490a6b62f6
Commissariat de police de Corbeil-Essonnes,31 allée Aristide-Briand 91100 Corbeil-Essonnes,a74c376d-4b98-4739-a56d-5542db76f18d
Commissariat de police de Cormeilles-en-Parisis,22 avenue des Frères-Lumières 95240 Cormeilles-en-Parisis,6780c84a-e8dd-4494-91af-55cf41bce43d
Commissariat de police de Coulommiers,19 rue du Palais-de-Justice 77120 Coulommiers,8ccdb241-108b-4484-8875-5fa40795d7f6
Commissariat de police de Courbevoie,9 rue Auguste-Beau 92400 Courbevoie,7b1a11c5-b7ef-417f-bd59-f66d56db88e8
Commissariat de police de Créteil,11 boulevard Jean-Baptiste-Oudry 94011 Créteil,30bddd7b-de83-46e8-ad24-38cafc1c1ab6
Commissariat de police de Dammarie-les-Lys,462 avenue du Lys 77190 Dammarie-les-Lys,24b922ab-6784-47af-9445-91ecd57da5b4
Commissariat de police de Deuil-la-Barre,2 rue Eugène Lamarre 95170 Deuil-la-Barre,264f80eb-81f7-4a15-9794-b289e101c900
Commissariat de police de Drancy,6 rue de la République 93700 Drancy,2316dcb7-2baf-4929-98af-47884ea360f9
Commissariat de police de Draveil,124 boulevard du Général-de-Gaulle 91210 Draveil,3b0730f5-7564-46ee-8a67-cfaf949a0db0
Commissariat de police de Fontainebleau,11 bis place de la République 77300 Fontainebleau,3c354efc-d91b-4e10-a164-e822b945c976
Commissariat de police de Fontenay-le-Fleury,3 avenue Jean-Lurçat 78330 Fontenay-le-Fleury,ba1b696c-d373-4816-8df7-0090148c4ba7
Commissariat de police de Fontenay-sous-Bois,26 rue Guérin-Leroux 94120 Fontenay-sous-Bois,5e8979e3-fa49-4977-b16a-bfa80cf555b5
Commissariat de police de Franconville,10 boulevard Maurice-Berteaux 95130 Franconville,2663db71-c9c7-46a5-9d3a-055a6e88e2ee
Commissariat de police de Gagny,13 rue Parmentier 93220 Gagny,a3c3b7cb-65b1-4e00-ad58-87f2b901d492
Commissariat de police de Garges-lès-Gonesse,Rue François-Chalgrin 95140 Garges-lès-Gonesse,e6c4bb91-a4e5-4746-9bc2-170566eae1bd
Commissariat de police de Gennevilliers,19 avenue de la Libération 92230 Gennevilliers,1f026b54-b155-4da8-b739-f902f3b4dbba
Commissariat de police de Gonesse,4 rue Henri-Dunant 95500 Gonesse,372d64f0-9061-4a65-aa6a-a967c2395d1a
Commissariat de police de Goussainville,Avenue de Montmorency 95190 Goussainville,01a4ec1e-fb34-4e95-a836-f0929b30b0a2
Commissariat de police de Guyancourt,1 rue de la Division-Leclerc 78280 Guyancourt,db3e9d42-d422-4b30-a615-32fccb8c1650
Commissariat de police de Herblay,3 boulevard du 11-Novembre 95220 Herblay,cdf78592-d222-4cc4-b932-56a171f93b25
Commissariat de police de Houilles,80 rue Hoche 78800 Houilles,d54472f6-df1c-4e7b-8e7e-ace1cecd519b
Commissariat de police de Jouy-le-Moutier,23 rue des Valanchards 95280 Jouy-le-Moutier,830a18b9-2874-438d-9302-c040d89fc9f1
Commissariat de police de Juvisy-sur-Orge,Place du Maréchal-Leclerc 91260 Juvisy-sur-Orge,4b2546f6-b1c7-449c-a2a6-a4800dbeb5a9
Commissariat de police de L'Hay-les-Roses,18 rue Jules-Gravereaux 94240 L'Haÿ-les-Roses,619c18a9-69e1-41c4-897e-1cb55e0712cf
Commissariat de police de La Celle-Saint-Cloud,8 avenue Charles-de-Gaulle 78170 La Celle-Saint-Cloud,87538f3f-233b-48bd-8dc5-9922dc8c41ad
Commissariat de police de La Courneuve,16 place du Pommier-de-Bois 93120 La Courneuve,e1ffd722-0775-49f4-ba31-f8f10055bec0
Commissariat de police de La Garenne-Colombes,98 rue Sartoris 92250 La Garenne-Colombes,23507825-f268-465a-9e1c-2a72d90776a4
Commissariat de police de La Plaine-Saint-Denis,35-39 Rue du Landy 93200 Saint-Denis,a8911462-9359-4743-b4e2-724fb0037f15
Commissariat de police de Lagny-sur-Marne,9 allée Vieille-et-Gentil 77400 Lagny-sur-Marne,e3dfb101-f9e6-4fa0-bd0d-a35f738fb023
Commissariat de police de Levallois-Perret,36 bis rue Rivay 92300 Levallois-Perret,e0829fe9-5d21-49e9-8f25-0a8b0ef2eb60
Commissariat de police de Livry-Gargan,95 avenue Aristide Briand 93190 Livry-Gargan,9ead9c33-3098-4690-879e-b11bcfd5f277
Commissariat de police de Longjumeau,10 rue des Écoles 91160 Longjumeau,e54c8486-2ced-40cf-83c4-c6b6bc667aef
Commissariat de police de Maisons-Alfort,70 bis avenue de la République 94700 Maisons-Alfort,ba36d1ea-ec20-4944-b96e-16cca0e02d4c
Commissariat de police de Maisons-Laffitte,10 rue Jean-Mermoz 78600 Maisons-Laffitte,ce9cdc3b-03ea-478d-902a-a86cd2f41c91
Commissariat de police de Mantes-la-Jolie,44 rue Pierre-Semard 78200 Mantes-la-Jolie,8f252b1d-a1eb-4ced-af09-b42bae0cff39
Commissariat de police de Marly-le-Roi,2 rue Willy Blumenthal 78160 Marly-le-Roi,98d88ca2-3f5a-46e6-bfff-0aad77f2e32f
Commissariat de police de Massy,1 avenue du Général de Gaulle 91300 MASSY 91300 Massy,1b5219ae-b38e-4abf-b865-4f3b41e6fb64
Commissariat de police de Massy-Palaiseau,13 rue Émile-Zola 91120 Palaiseau,829eb2db-8af7-4a7a-b8e1-57b896ff0982
Commissariat de police de Meaux,46 avenue Salvador-Allende 77100 Meaux,67b279d2-6e81-4d62-9170-3282da0956d0
Commissariat de police de Melun - Val de Seine,51 rue du Général-de-Gaulle 77000 Melun,1908e6bf-a8c6-4270-9ad2-40c3d079c13c
Commissariat de police de Melun - Val de Seine - Secteur du Mée-sur-Seine,263 Avenue de la gare 77350 Le Mée-sur-Seine,5e9db34a-f6db-4d6d-951a-f61493779031
Commissariat de police de Meudon,94 rue de Paris 92190 Meudon,3fe0354e-a1db-4c22-8365-1c92550a365b
Commissariat de police de Moissy-Cramayel - Sénart,892 avenue Jean-Jaurès 77550 Moissy-Cramayel,7938a7d7-813d-46a6-83d9-e0929d45f090
Commissariat de police de Montereau-Fault-Yonne,5 avenue du Maréchal-Leclerc 77130 Montereau-Fault-Yonne,3d0005f2-6ab2-417c-82e5-81940c92f504
Commissariat de police de Montigny-lès-Cormeilles,Avenue Aristide Maillol   95370 Montigny-lès-Cormeilles,d4be36ff-272b-430c-bfd7-0dee321b0ac3
Commissariat de police de Montmorency,6 rue de Valmy 95160 Montmorency,ebd15a24-6bf8-4258-bc78-343df510c25d
Commissariat de police de Montreuil-sous-Bois,18bis-20 boulevard Paul-Vaillant-Couturier 93100 Montreuil,d84c652f-5c5b-47f8-8f63-a7f6c3340de8
Commissariat de police de Montrouge,4 rue Guillot 92120 Montrouge,3ffb5a44-0468-41cb-9884-157725840945
Commissariat de police de Morêt-sur-Loing,5 avenue Jean-Jaurès 77250 Moret-Loing-et-Orvanne,58f9afd4-7c50-4151-86bc-33a08eefed22
Commissariat de police de Nanterre,54 rue du 19-Mars-1962 92000 Nanterre,fbf74d86-d1e3-42e5-b3f5-a9e4550a44e4
Commissariat de police de Nemours,1 avenue du Général-de-Gaulle 77140 Nemours,138827a2-4a01-437d-857b-5c68802f27e1
Commissariat de police de Neuilly-sur-Marne,34 boulevard du Maréchal-Foch 93330 Neuilly-sur-Marne,110fb57e-52ef-454a-baed-16a631d53e54
Commissariat de police de Neuilly-sur-Seine,28 rue du Pont 92200 Neuilly-sur-Seine,810528c0-49bf-4f6a-a7b4-4654f7422b75
Commissariat de police de Nogent-sur-Marne,3 avenue De-Lattre-de-Tassigny 94130 Nogent-sur-Marne,1cf9c577-fade-4740-88cf-2ec6146aed35
Commissariat de police de Noisiel – Secteur Ozoir-la-Ferrière,4 Rue Jean Mermoz 77330 Ozoir-la-Ferrière,d3c07015-798b-46f3-b710-11b4ab10e255
Commissariat de police de Noisy-le-Grand,1 bis avenue Émile-Cossonneau 93160 Noisy-le-Grand,027761ac-d076-4cde-99dd-348baa686d14
Commissariat de police de Noisy-le-Sec,2 rue de Neuilly 93130 Noisy-le-Sec,98ac34e0-7e44-4d35-8af1-cebc63358c62
Commissariat de police de Pantin,14 rue Eugène-et-Marie-Louise-Cornet 93500 Pantin,23b3af23-7abf-47ae-8304-c79416daab59
"Commissariat de police de Paris - Centre - Secteur 1er, 2e, 3e, 4e arrondissements",1 rue Gabriel-Vicaire 75003 Paris,b61980cf-c0db-411a-a0aa-8db0b6173da7
Commissariat de police de Paris 10e arrondissement,26 rue Louis-Blanc 75010 Paris,8add2b1b-dc4c-4ad7-8ef3-9d749c6f016e
Commissariat de police de Paris 11e arrondissement,12-14 passage Charles-Dallery 75011 Paris,71aa0487-b699-4b6e-a253-3f8376973c17
Commissariat de police de Paris 12e arrondissement,80 avenue Daumesnil 75012 Paris,d3b47503-eb94-469a-bb70-4eeafad19d6a
Commissariat de police de Paris 13e arrondissement,144 boulevard de l'Hôpital 75013 Paris,7d851b62-934a-4baf-b0df-45fcc7e854be
Commissariat de police de Paris 14e arrondissement,114-116 avenue du Maine 75014 Paris,f2db562b-59df-4d9a-8367-6b181e1df7ab
Commissariat de police de Paris 15e arrondissement,250 rue de Vaugirard 75015 Paris,2b3eb2ce-9366-40c3-9085-5b5b914d0ee7
Commissariat de police de Paris 16e arrondissement,62 avenue Mozart 75016 Paris,21fc6907-317d-4d53-8820-cf47e4d54722
Commissariat de police de Paris 17e arrondissement,19-21 rue Truffaut 75017 Paris,45dc3178-07f2-43c1-94bd-3831a14cadc8
Commissariat de police de Paris 18e arrondissement,79 rue de Clignancourt 75018 Paris,5386aceb-5b72-4c8d-be17-2e1cbecb7097
Commissariat de police de Paris 19e arrondissement,3-5 Rue Erik-Satie 75019 Paris,1ece57ac-b4d2-46d7-baff-e6e0340b9e5c
Commissariat de police de Paris 20e arrondissement,3-7 Rue des Gâtines 75020 Paris,eb47f134-8d76-4e5b-992d-6383582d61a2
Commissariat de police de Paris 5e et 6e arrondissements,4 rue de la Montagne-Sainte-Geneviève 75005 Paris,d46d1ef5-afac-4289-ac16-b2cda317913a
Commissariat de police de Paris 7e arrondissement,9 rue Fabert 75007 Paris,3ad85269-87cc-4b07-ab1e-f24e2f2629f7
Commissariat de police de Paris 8e arrondissement,1 avenue de Selves 75008 Paris,658aed83-3b53-4bc8-99fb-fd61001554ba
Commissariat de police de Paris 9e arrondissement,14 rue Chauchat 75009 Paris,336caf12-c887-433b-8610-abbaffcbe98a
Commissariat de police de Plaisir,889 avenue François-Mitterrand 78370 Plaisir,92faefb3-4d5d-4be9-99b4-0c33bd634854
Commissariat de police de Poissy,16 boulevard Louis-Lemelle 78300 Poissy,0b488b30-143c-413c-b284-f29c67e5bb27
Commissariat de police de Pontault-Combault,162 avenue de la République 77340 Pontault-Combault,11df5e9a-b79a-4ee7-a7fc-3306d1264c22
Commissariat de police de Pontoise,13 rue Serée-Depoin 95300 Pontoise,43755b50-3dfb-4926-a813-dd1e272c805d
Commissariat de police de Provins,Place du 29e-Dragon 77160 Provins,c3abb3cb-e4b2-4e59-bf33-35edf1f2f4f0
Commissariat de police de Rambouillet,4 rue Pasteur 78120 Rambouillet,c36b1b07-db94-44b0-a7f6-d83d35924937
Commissariat de police de Roissy,Hôtel de police  6 rue des Bruyères 95711 ROISSY CHARLES DE GAULLE 95711 Roissy Charles-de-Gaulle,f7175db6-1d39-4988-a03d-65d60aedde8d
Commissariat de police de Rosny-sous-Bois,20 rue Lech-Walesa 93110 Rosny-sous-Bois,2a3c265a-8532-4a7c-92ad-683603c0f530
Commissariat de police de Rueil-Malmaison,13 rue Charles-Floquet 92500 Rueil-Malmaison,bb40fef2-18ff-468d-943d-9ff08bce4ba2
Commissariat de police de Saint-Cloud,27 rue Dailly 92210 Saint-Cloud,d8c06484-3ffd-4719-9e8d-1ea03f5cc432
Commissariat de police de Saint-Denis,10 avenue Jean Moulin 93200 Saint-Denis,ee49f6e4-528f-4948-85a9-6acd096b05d2
Commissariat de police de Saint-Germain-en-Laye,19 rue de Pontoise 78100 Saint-Germain-en-Laye,69968bd8-d845-4cba-8258-4cd63f310002
Commissariat de police de Saint-Ouen,15 rue Dieumegard 93400 Saint-Ouen,b6e4a90b-2495-4905-9e40-dad0317b8bb7
Commissariat de police de Saint-Ouen-l'Aumône,26 rue du Général-Leclerc 95310 Saint-Ouen-l'Aumône,5faa723a-7544-4282-b988-6dad65318561
Commissariat de police de Saint-Quentin-en-Yvelines,1 Boulevard Bernard-Grégory 78990 Élancourt,c6a065a6-8141-49ea-b7ad-3ee5112b3872
Commissariat de police de Sainte-Geneviève-des-Bois,254 route de Corbeil 91700 Sainte-Geneviève-des-Bois,ea36136a-a548-4f5f-bff2-c5fa11f917b3
Commissariat de police de Sannois,44 boulevard Charles-de-Gaulle 95110 Sannois,399626d7-3e13-48f0-8d0f-34edac389cdb
Commissariat de police de Sarcelles,41 avenue du 8-Mai-1945 95200 Sarcelles,63ebca69-93bd-4507-9aaa-74e4cca96d2e
Commissariat de police de Sartrouville,36 rue Louise-Michel 78500 Sartrouville,76bc97de-6238-4dc4-a61e-9f49ff9b951c
Commissariat de police de Savigny-le-Temple,2 place du 19-Mars-1962 77176 Savigny-le-Temple,220c078b-49a5-4b3b-a4b9-dd52fd4ec2ed
Commissariat de police de Savigny-sur-Orge,1 place Régis Ryckebusch 91600 Savigny-sur-Orge,5e7afe12-128d-4c7c-896a-8d1b7f53ac71
Commissariat de police de Stains,47 avenue Marcel-Cachin 93240 Stains,6a18624b-48fd-4408-857c-5253dfa1d80c
Commissariat de police de Suresnes,1 place du Moutier 92150 Suresnes,a8a981c6-7713-4fa1-9a69-4f5a8376aa02
Commissariat de police de Sèvres,4 avenue de l'Europe 92310 Sèvres,ea6887d9-bcc6-4378-9bd8-c314f7a4b141
Commissariat de police de Taverny,1 place de Vaucelles 95150 Taverny,db5c2c57-ed33-4217-87be-f12525836055
Commissariat de police de Thiais,78 rue Victor Basch 94320 Thiais,f5023b2f-8a9d-4bd2-bfad-889d67abc6d0
Commissariat de police de Torcy,Hôtel de police  10 Rue Gérard-Philipe 77200 Torcy,4d6dfba4-7f18-4991-80e1-429244814576
Commissariat de police de Trappes,Place des Merisiers 78190 Trappes,76e39393-75d1-461f-a505-76a1159e7784
Commissariat de police de Vanves,28 rue Raymond-Marcheron 92270 Vanves,79508556-006c-4308-9ff5-3ee98b2c84b0
Commissariat de police de Versailles,19 avenue de Paris 78000 Versailles,f9ea4731-4ce3-415c-9a37-babc5d2db1ec
Commissariat de police de Villejuif,Rue henri-Luisette 94800 Villejuif,c59fec00-e0d9-4c29-88da-de2346a7444b
Commissariat de police de Villeneuve-Saint-Georges,162 rue de Paris 94190 Villeneuve-Saint-Georges,6a9b8609-f46d-4a6e-9bee-a579618bcade
Commissariat de police de Villeneuve-la-Garenne,19 bis rue du Fond-de-la-Noue 92390 Villeneuve-la-Garenne,4b284549-227e-485a-9042-b5f3f913b898
Commissariat de police de Villeparisis,79 avenue du Général-de-Gaulle 77270 Villeparisis,13f4109e-6b62-420e-8561-ed7f8e788e6c
Commissariat de police de Villepinte,1 rue Jean-Fourgeaud 93420 Villepinte,74ca9b46-402e-47ed-809d-08c28927a930
Commissariat de police de Villepinte - Secteur Roissy,1 rue du Chapitre 93290 Tremblay-en-France,e9dc36b5-7482-482b-8a77-7185a4515e60
Commissariat de police de Villiers-le-Bel,45 avenue Pierre-Sémard 95400 Villiers-le-Bel,29c8253b-cf83-4594-a45d-a44886b8cb45
Commissariat de police de Vincennes,23 rue Raymond-du-Temple 94300 Vincennes,96549ccf-c11d-4586-b327-8fb3ed146c54
Commissariat de police de Vitry-sur-Seine,20 rue Youri-Gagarine 94400 Vitry-sur-Seine,1957fe77-25db-4639-ab25-7e2b5073c4bb
Commissariat de police de Vélizy-Villacoublay,1 avenue du Capitaine Tarron 78140 Vélizy-Villacoublay,22a4bcc9-6d07-463a-bdc8-4955783a89c2
Commissariat de police des Lilas,55 boulevard Eugène-Decros 93260 Les Lilas,346a6b38-06b3-4f5f-8c30-b77b7f8ce685
Commissariat de police des Mureaux,2 rue Jean Rommeis 78130 Les Mureaux,d45b90af-1fe9-429b-a577-268312dd36fa
Commissariat de police des Ulis,124 avenue des Champs-Lasniers 91940 Les Ulis,0101e4f9-d020-4739-833f-727d17eb1950
Commissariat de police du Blanc-Mesnil,Place Gabriel-Péri 93150 Le Blanc-Mesnil,73420c4d-c97f-4254-9a6c-b3fd71027a5f
Commissariat de police du Kremlin-Bicêtre,163 bis Rue Gabriel Péri 92270 Le Kremlin-Bicêtre,9abe1666-e9b8-4bcc-9342-96fec9316af1
Commissariat de police du Raincy,Cours de la Gare 93340 Le Raincy,5981232f-054b-4a55-8c84-e04e6f609a2f
Commissariat de police du Val d’Yerres-Val de Seine,142 avenue de la République 91230 Montgeron,892afa35-1802-4229-9316-61030f1340aa
Commissariat de police du Vésinet,32 boulevard Carnot 78110 Le Vésinet,1f078a48-f1e5-4fbe-888c-f6b1040ce0ee
Commissariat de police d’Argenteuil - Jean-Lurçat,Rue Jean Lurçat 95100 Argenteuil,bf7748f3-0129-49d2-bc71-cba071cfa4b4
Poste de Police réseaux Franciliens Saint Denis Pleyel,25 rue Pleyel 93200 Saint-Denis,3ffeaf40-9394-4cd5-827f-374e74b2092a
Poste de police réseaux Franciliens - Gare Chatelet-les-Halles,couloir d'accès à la ligne 14 1 rue Pierre-Lescot 75001 Paris,5cafbf49-433b-4480-be40-cfb7ab2b41b5
Poste de police réseaux Franciliens - Gare Montparnasse,11 boulevard de Vaugirard 75015 Paris,7b8bea6f-6ca1-4785-9025-0b8eb127bb55
Poste de police réseaux Franciliens - Gare Saint-Lazare,15 rue d’Amsterdam 75008 Paris,1cc522c5-1c26-41b3-8fa6-ce8073e1ca7a
Poste de police réseaux Franciliens - Gare de Lyon,Quai N 80 Allée de Bercy 75012 Paris,f05b8053-fb33-4e25-9334-a26953608f1e
Poste de police réseaux Franciliens - Gare de l'Est,Place du 11 novembre 1918 75010 Paris,4f648bbb-5913-46f6-8e03-13f1772c4023
Poste de police réseaux Franciliens - Gare du Nord,17 rue de Dunkerque 75010 Paris,5b88dae0-0884-4229-8963-8ba51fa42cb8
Brigade de gendarmerie -  Angerville,9 avenue du Général de Gaulle 91670 Angerville,08313a9b-cb1c-4fe7-aec6-c39be63d0c45
Brigade de gendarmerie -  Asnières-sur-Oise,1 route de Chantilly 95270 Asnières-sur-Oise,2c3facb9-852a-4895-b7e0-aa3d27ba65b2
Brigade de gendarmerie -  Bondoufle,Route Départementale 194 91070 Bondoufle,13dc1c91-c9d6-4b3f-9aeb-b947a2ec961d
Brigade de gendarmerie -  Chevreuse,71 route de Rambouillet 78460 Chevreuse,051d3b68-6af2-47ea-a14a-7aa670675a6f
Brigade de gendarmerie -  Coubert,1 ter rue Etienne Tétrot 77170 Coubert,042c540c-ecce-43b6-b0eb-1eaade375ac9
Brigade de gendarmerie -  Crécy-la-Chapelle,37 rue des Bouleurs 77580 Crécy-la-Chapelle,20c902ad-6508-48ba-91a5-f0eb8a1f5d45
Brigade de gendarmerie -  Cély,9 rue Edouard Goerg 77930 Cély-en-Bière,276229cc-1a2d-40f9-8a16-c7f7a1b4ee0d
Brigade de gendarmerie -  Domont,191 avenue Jean Rostand 95330 Domont,0a7b01a3-7537-4cf2-bf94-4e9dada4382c
Brigade de gendarmerie -  Donnemarie-Dontilly,16 avenue du Ralloy 77520 Donnemarie-Dontilly,20499356-348d-4547-a9c2-c23fad7c97ee
Brigade de gendarmerie -  Gif-Chevry,2 rocade de Baudreville 91190 Gif-sur-Yvette,1df2c17f-42e2-449d-87f3-aaf5c0f931e8
Brigade de gendarmerie -  Houdan-Maulette,41 avenue Gérard Annel 78550 Maulette,2491952f-0d05-46e8-bf12-56fc20307d66
Brigade de gendarmerie -  Limay,14 avenue de la Paix 78520 Limay,19977eb5-82b6-4dd9-808e-7fbb0d8ed962
Brigade de gendarmerie -  Marines,3 chemin du Pont 95640 Marines,24deb3ed-d681-42b6-b8e5-0b935e5a5ba3
Brigade de gendarmerie -  Mormant,11 rue du Capitaine Delanneau 77720 Mormant,0c32e209-f540-4541-9b78-fd014a412ec0
Brigade de gendarmerie -  Provins,13 rue du colonel Arnaud Beltrame 77160 Provins,23804809-0f68-451b-b6af-13398497c1f7
Brigade de gendarmerie -  Saint-Germain-lès-Corbeil,4 route de Mauperthuis 91250 Saint-Germain-lès-Corbeil,23ef0241-5a9e-4cca-9b9c-6e2d4ac4e4ce
Brigade de gendarmerie -  Tournan-en-Brie,10 Rue des Frères Vinot 77220 Tournan-en-Brie,2e3c7222-bcb7-4f20-9e01-595484b2256e
Brigade de gendarmerie - Ablis,22 rue de la Mairie 78660 Ablis,c95fffd8-0532-4941-aef9-94c6a264b610
Brigade de gendarmerie - Auvers-sur-Oise,31 rue François Mitterrand 95430 Auvers-sur-Oise,e42faa41-6994-4500-af00-825fff75318f
Brigade de gendarmerie - Ballancourt-sur-Essonne,30 rue Jeanne Pinet 91610 Ballancourt-sur-Essonne,d61569b0-afbf-45d3-baf3-c18206798829
Brigade de gendarmerie - Bonnières-sur-Seine,1 rue du Val-Guyon 78270 Bonnières-sur-Seine,4cb1c217-dbb1-46c0-9268-f0d6336c9a48
Brigade de gendarmerie - Bray-sur-Seine,459 rue Danton 77480 Bray-sur-Seine,99daa917-6fc2-47e9-9b17-98dab1d73069
Brigade de gendarmerie - Breuillet,75 route de Saint-Chéron 91650 Breuillet,9d80a6e3-2eb5-48bc-9f5a-4a3acc9acedf
Brigade de gendarmerie - Bréval,29 rue René Dhal 78980 Bréval,39e40121-c713-4a08-ba2c-184110aacba6
Brigade de gendarmerie - Chaumes-en-Brie,1 rue de Foix 77390 Chaumes-en-Brie,96ca724d-40ad-4915-9d4b-a7eaea5aeab3
Brigade de gendarmerie - Chelles,17 avenue du gendarme Castermant 77500 Chelles,50eeef76-2b54-4150-aec4-ee67e793c0d4
Brigade de gendarmerie - Château-Landon,5 rue André Gauquelin 77570 Château-Landon,d1655d94-4c7e-4133-a26b-820669eca6cc
Brigade de gendarmerie - Coulommiers,27 avenue de la République 77120 Coulommiers,ec29e051-b8a9-478a-8e42-354a610e83c0
Brigade de gendarmerie - Dammartin-en-Goële,64 avenue de l'Europe 77230 Dammartin-en-Goële,807cfc74-ee6d-4ec7-bddd-1ff860837e6f
Brigade de gendarmerie - Dourdan,1 rue de la Gironde 91410 Dourdan,86e1458f-b5c8-4f4b-889e-201a15691b7f
Brigade de gendarmerie - Ecquevilly,21 rue du Bel-Air 78920 Ecquevilly,3e1e8aa0-0e8e-4611-b012-0ff2d21ae3e0
Brigade de gendarmerie - Esbly,1 rue Jean Le Beau 77450 Esbly,b8ebd94c-87b0-452c-9e3c-379f96ee4884
Brigade de gendarmerie - Fleury-Mérogis,1 avenue des Peupliers 91700 Fleury-Mérogis,9057d578-3670-4ac7-90f7-6ee8a3f03dbc
Brigade de gendarmerie - Gif-sur-Yvette,1 rue Robert Trimbach 91190 Gif-sur-Yvette,ef3fc90e-dc9d-4879-beca-7d96acbbc8b2
Brigade de gendarmerie - Gouaix,27 avenue de la Gare 77114 Gouaix,4e76eeef-244b-4d9c-b041-568eb00c6717
Brigade de gendarmerie - Guerville,1 impasse des Bayeuvilles 78930 Guerville,aa1bb008-ce05-4bae-9c8b-c04699db3696
Brigade de gendarmerie - Guigneville-sur-Essonne,route de Milly-la-Forêt 91590 Guigneville-sur-Essonne,9fe25b61-5068-42bf-af72-c61c4b6137b9
Brigade de gendarmerie - Jouars-Pontchartrain,37 Route du Pontel 78760 Jouars-Pontchartrain,af2f8f6b-3d2f-42a1-9743-8c5f0e77561a
Brigade de gendarmerie - Jouy-le-Châtel,42 rue de Provins 77970 Jouy-le-Châtel,8df1a2c9-5186-44dc-9d86-a54bc206190f
Brigade de gendarmerie - La-Chapelle-la-Reine,3 rue Blanche de Castille 77760 La Chapelle-la-Reine,7c169cfc-f33d-4c54-ab00-e350f7906e88
Brigade de gendarmerie - La-Ferté-Gaucher,8 avenue de la Maison Blanche 77320 La Ferté-Gaucher,4a6ea61e-6f7d-44a2-8837-d424338cbf20
Brigade de gendarmerie - La-Ferté-sous-Jouarre,6 avenue de Montmirail 77260 La Ferté-sous-Jouarre,76e32dd2-c6b1-4ff3-a57f-46c1be0ffce2
Brigade de gendarmerie - La-Queue-les-Yvelines,88 rue Nationale 78940 La Queue-les-Yvelines,77be5d2e-d9fe-4696-8c8e-4a2db6b5e006
Brigade de gendarmerie - Lardy,36 rue de la Roche-qui-Tourne 91510 Lardy,aef286ef-d108-40bf-b6e1-824bd08a2d40
Brigade de gendarmerie - Le Châtelet-en-Brie,1 rue du 26 Août 1944 77820 Le Châtelet-en-Brie,52b44a90-217e-4d2b-b808-e8d13a21d2ff
Brigade de gendarmerie - Le Mérévillois,21 rue Paul Bert 91660 Le Mérévillois,cce16a5b-b83d-4863-9a62-51559a7133d0
Brigade de gendarmerie - Limours,52 rue de Marcoussis 91470 Limours,8f6d0cea-fa87-4a75-b594-dabe415e48ab
Brigade de gendarmerie - Lizy-sur-Ourcq,avenue du Général de Gaulle 77440 Lizy-sur-Ourcq,92032132-65de-4b5b-b134-381454eb1bcd
Brigade de gendarmerie - Lorrez-le-Bocage-Préaux,1 avenue du Bocage 77710 Lorrez-le-Bocage-Préaux,96f14854-fb11-4621-afb9-50fcf631a1eb
Brigade de gendarmerie - Louvres,2 route de la Grange aux Dîmes 95380 Louvres,c2826309-f5e6-4a62-b014-0364637f214d
Brigade de gendarmerie - Luzarches,37 rue Charles de Gaulle 95270 Luzarches,5fa1d9bb-1c2f-473b-a084-2039ee2d87be
Brigade de gendarmerie - Magny-en-Vexin,26 rue de Crosne 95420 Magny-en-Vexin,3e771688-9208-4d60-9d80-cf9db3b8fff3
Brigade de gendarmerie - Magny-les-Hameaux,1 rue Marc-Antoine Charpentier 78114 Magny-les-Hameaux,870ed1fb-2e06-4391-81ad-27261459df90
Brigade de gendarmerie - Marolles-en-Hurepoix,34 rue du Potager 91630 Marolles-en-Hurepoix,415fd252-3d54-499a-95c8-8a07cc087570
Brigade de gendarmerie - Maule,35 boulevard Paul Barré 78580 Maule,7aedeb6a-82d0-4cf8-90ae-8a7586be4418
Brigade de gendarmerie - Melun,3 rue André Malraux 77000 Melun,7f89ad98-729f-45a0-af6f-dbc455f2f606
Brigade de gendarmerie - Mennecy,10 avenue de Villeroy 91540 Mennecy,985c4e3a-dbfb-43f0-aa77-98d6cbed1c48
Brigade de gendarmerie - Milly-la-Forêt,30 avenue du Général Leclerc 91490 Milly-la-Forêt,4a6a046c-5f4a-4fdc-afdf-340dd7226001
Brigade de gendarmerie - Montfort-l'Amaury,70 rue de Paris 78490 Montfort-l'Amaury,3e999f7b-177f-4b98-a985-7cd0c145f1f9
Brigade de gendarmerie - Montmorency,2 rue des Gallerands 95160 Montmorency,91aab18a-2656-469e-952a-e51fbeb85cba
Brigade de gendarmerie - Montsoult,Rue Parmentier 95560 Montsoult,70ffe50a-259f-447d-8762-21b5b4ae93a6
Brigade de gendarmerie - Mortcerf,133 Rue du 27 Août 1944 77163 Mortcerf,525c7613-bf44-4788-8f7d-a698454ff49a
Brigade de gendarmerie - Méry-sur-Oise,4 avenue Marcel Perrin 95540 Méry-sur-Oise,43c4b34a-9d3c-4f52-8934-ba665c85afde
Brigade de gendarmerie - Nangis,1 rue Marcel Paul 77370 Nangis,c4d56d22-bdc4-4ab2-abe0-effaafdffb35
Brigade de gendarmerie - Noisy-le-Roi,102 rue André Lebourblanc 78590 Noisy-le-Roi,8ef24b6f-76e2-4d03-b307-4ae3679afb86
Brigade de gendarmerie - Nozay,1 rue Louis Renard 91620 Nozay,e0d13f98-3c89-431a-9550-8628f8206f4e
Brigade de gendarmerie - Orgeval,52 rue de la Gare 78630 Orgeval,fd8dc6ae-4747-4016-9db4-bc00c7334573
Brigade de gendarmerie - Palaiseau,2 rue Gutenberg 91120 Palaiseau,5b86bb76-a454-43f9-b2ca-f26a2d1087ea
Brigade de gendarmerie - Persan,26 avenue Jean Jaurès 95340 Persan,e83524e9-5b55-45b4-8baa-b62461e9dee6
Brigade de gendarmerie - Pontoise,Caserne Lange  5 boulevard de l'Hautil 95000 Pontoise,a5fb5bd6-a5bc-4a93-be0c-a6386847bec4
Brigade de gendarmerie - Rambouillet,1 rue Louis Pasteur 78120 Rambouillet,9856147b-f7f7-4ee5-8845-0b92f83df551
Brigade de gendarmerie - Rebais,Avenue Jean de la Fontaine 77510 Rebais,58f2f87b-4c3e-410c-a5a7-1e5de7714bf2
Brigade de gendarmerie - Roissy-en-France,3 chemin de la Vallée 95700 Roissy-en-France,58ef6427-d98d-4551-803e-bb3c5b147bec
Brigade de gendarmerie - Rozay-en-Brie,Rue des Etangs 77540 Rozay-en-Brie,432ce5fc-6973-4d31-85ad-8a6a5be29444
Brigade de gendarmerie - Saint-Arnoult-en-Yvelines,20 rue Jean Moulin 78730 Saint-Arnoult-en-Yvelines,792c3e53-0394-4be3-a9ec-dcf3be8cb06a
Brigade de gendarmerie - Saint-Chéron,6 impasse Vauvilliers 91530 Saint-Chéron,bf783220-d80b-4584-a7ab-98b0a67eb869
Brigade de gendarmerie - Saint-Germain-en-Laye,3 rue du Panorama 78100 Saint-Germain-en-Laye,30809dcd-0ce2-4bfa-96c8-dc8c79562c79
Brigade de gendarmerie - Saint-Soupplets,14 rue du Point-du-Jour 77165 Saint-Soupplets,b9d9037a-a895-460f-b827-dcf9e69f25a4
Brigade de gendarmerie - Septeuil,106 route de Saint-Corentin 78790 Septeuil,98f90d2b-81a0-473d-a1b0-713c81a5009c
Brigade de gendarmerie - Soisy-sur-Seine,58 boulevard de la République 91450 Soisy-sur-Seine,d990cdf8-9670-49d3-9b60-c702ac313391
Brigade de gendarmerie - Survilliers,2 chemin de la Distillerie 95470 Survilliers,fb2bcad8-8602-424b-b966-803deecab47d
Brigade de gendarmerie - Versailles,12 rue Benjamin Franklin 78000 Versailles,765df4a9-17f4-466b-b3b3-50e012ab63aa
Brigade de gendarmerie - Vigny,50 rue Beaudouin 95450 Vigny,97636709-5567-41bf-9c51-f05e1563763e
Brigade de gendarmerie - Villiers-Saint-Georges,24 rue de Sancy 77560 Villiers-Saint-Georges,9a219701-d703-412e-b037-06b43d5d4266
Brigade de gendarmerie - l'Isle-Adam,32  Grande Rue 95290 L'Isle Adam,d35d27a5-80fc-4bf4-8ab1-626b0cfa55e2
Brigade de gendarmerie - Écouen,79 rue du Maréchal Leclerc 95440 Écouen,d5ad943f-fcaf-4ca0-951f-ffc61f9e9c53
Brigade de gendarmerie - Égly,9 allée des Joncs 91520 Égly,b083f908-0356-4a8f-acdc-f6a979da7f0d
Brigade de gendarmerie - Évry-Courcouronnes,11 rue Jean Malézieux 91000 Évry,f10c7139-f7df-40bc-9eba-efe5ebd2c524
Police intercommunale - Communauté d'Agglomération Melun Val de Seine - Dammarie-lès-Lys,297 rue rousseau Vaudran 77198 Dammarie-lès-Lys,d477b94f-e6db-4652-a8c2-171d9672dac9
Police intercommunale - Communauté de communes de Valparisis,271 chaussée Jules César 95250 Beauchamp,ad2a8d8c-f945-44f7-83e9-adf44d5ed132
Police intercommunale - Louvres - Bonneuil-en-France - Chennevières-lès-Louvres - Dammartin-en-Goële - Epiais-lès-Louvres - Fontenay-en-Parisis - Le Mesnil-Amelot - Le Thillay - Longperrier - Marly-la-Ville - Mauregard - Mitry-Mory - Moussy-le-Neuf -,6 bis avenue Charles-de-Gaulle 95380 Louvres,573a2147-6959-44a1-b24d-160731315085
Police intercommunale - Plaisir - Les-Clayes-Sous-Bois,2 rue de la République 78370 Plaisir,81c91547-02c6-48fc-8d72-3dcf738e63c5
Police municipale - Achères,52 avenue Lénine 78260 Achères,1a8b4941-7a98-4fae-bb46-4153f758b56d
Police municipale - Alfortville,178 ter rue Paul-Vaillant-Couturier 94140 Alfortville,6644b985-8666-4cf2-9db7-9f5ba3868b96
Police municipale - Allonnes,Esplanade Nelson-Mandela 72700 Allonnes,edb22723-adae-47ae-b226-3585aca2db54
Police municipale - Andilly,1 rue René-Cassin 95580 Andilly,1712baed-4d90-4481-a470-a2a245c5451e
Police municipale - Andrésy,4 boulevard Noël-Marc 78570 Andrésy,59b20c38-f547-4236-85ab-ff69e02b9dea
Police municipale - Angerville,34 rue Nationale 91670 Angerville,4b1d7d7d-ff0b-4cf6-9b8f-5a8382a8a494
Police municipale - Annet-sur-Marne,38 rue Paul-Valentin 77410 Annet-sur-Marne,f99a2665-bd0e-40fc-89bc-de714c4f7fdc
Police municipale - Anthy-sur-leman,7 rue de la mairie 74200 Anthy-sur-Léman,9f8c7f47-6a0a-4e4e-a1b6-4d0c95397ca0
Police municipale - Antony,6 rue des Champs 92160 Antony,b189b39b-f179-41bb-80be-7687e7f3257e
Police municipale - Arcueil,10 avenue Paul-Doumer 94110 Arcueil,7f23169e-f8bf-494d-a4a5-0b048102570f
Police municipale - Argenteuil,2 ter rue Paul-Vaillant-Couturier 95100 Argenteuil,5d198879-c6ca-4d82-8f19-ec4de9168de1
Police municipale - Arnouville,15-17 rue Robert-Schuman 95400 Arnouville,300de277-de10-40fa-90ef-eec9cd367fd2
Police municipale - Arpajon,70 Grande-Rue 91290 Arpajon,9739dfc4-919c-44b1-b30a-5b7831e0c4e8
Police municipale - Asnières-sur-Oise,20 rue d'Aval-Eau 95270 Asnières-sur-Oise,f151650e-1a15-4984-9695-edf2726eef93
Police municipale - Asnières-sur-Seine,51 rue Henri Poincaré 92600 Asnières-sur-Seine,d90b2cb8-748e-4db9-bf48-a8d19ffb69b2
Police municipale - Athis-Mons,3 avenue Aristide-Briand 91200 Athis-Mons,6889676a-67c9-40c6-8e98-5d45a48cbcc0
Police municipale - Aubergenville,10 rue Gaston-Jouillerat 78410 Aubergenville,1ec4303a-a0d9-4ef5-a54b-3b7349b1d457
Police municipale - Aubervilliers,Avenue  Victor-Hugo 93300 Aubervilliers,74aba102-5b6d-407d-af9f-7fa8f0251bf8
Police municipale - Aulnay-sous-Bois,57 rue Kléber 93600 Aulnay-sous-Bois,c3d417a4-636a-42b2-af6e-c7f80151568f
Police municipale - Auvers-sur-Oise,Rue du Général-de-Gaulle 95430 Auvers-sur-Oise,8b5c9d35-f5b2-4a64-8f7f-2599d26dcf1e
Police municipale - Avon,1 rue des Sapins 77210 Avon,485b07c3-dbf0-4a35-ae67-483eb98edbca
Police municipale - Bagneaux-sur-Loing,Place de l'hôtel de ville 77167 Bagneaux-Sur-Loing,38fd1ece-bc63-4f73-b23e-318bd8892dca
Police municipale - Bagneux,5 rue Salvador-Allendé 92220 Bagneux,18fee7d3-16b6-4530-95db-4088be1b3d41
Police municipale - Bailly,1 rue des Chênes 78870 Bailly,996d44dc-b374-47ef-9a86-90dbb914954c
Police municipale - Bailly-Romainvilliers,81 boulevard des Sports 77700 Bailly-Romainvilliers,d9e65a6e-a15a-4e00-9f11-2b00d3953194
Police municipale - Ballainvilliers,3 rue du Petit-Ballainvilliers 91160 Ballainvilliers,231ef04a-09e6-4256-aea5-04a3bd3dea9a
Police municipale - Ballancourt-sur-Essonne,2 rue de la Mairie 91610 Ballancourt-sur-Essonne,71d9fbc2-e48d-4890-a7d8-b4e89826e4ae
Police municipale - Beauchamp,125 chaussée Jules-César 95250 Beauchamp,1e36928e-00c6-497c-8958-3ece3869b07e
Police municipale - Beaumont-sur-Oise,5-7 rue Albert-1er 95260 Beaumont-sur-Oise,37dee26e-50fd-447f-8691-17c3c4816905
Police municipale - Belcodène,Place de la Laïcité 13720 Belcodène,2c9c197a-452f-44ab-846d-f0e11f90c346
Police municipale - Belloy-en-France,5 place Alphonse-Sainte-Beuve 95270 Belloy-en-France,1ff2c28c-86e3-47e4-8123-f3345caa149b
Police municipale - Bernes-sur-Oise,Place de la Mairie 95340 Bernes-sur-Oise,de0d83d0-a1c8-4322-82f0-fcb0bcc7f882
Police municipale - Bessancourt,Place du 30-Août 95550 Bessancourt,d20de64e-a395-4206-9dee-1b2b5730feb9
Police municipale - Beynes,Place du 8-Mai-1945 78650 Beynes,205cddbc-110b-47d0-8972-67f9df923ac8
Police municipale - Bezons,Mail Martin-Luther-King 95870 Bezons,e20df2c2-4e9b-40d5-94a1-7be0d59db937
Police municipale - Bièvres,Place de la Mairie 91570 Bièvres,270c103b-852c-4200-b626-3eeefb600ff5
Police municipale - Bobigny,1 rue de l'Aviation 93000 Bobigny,f231cec8-c9b2-4399-94ea-0674ece14aa2
Police municipale - Bois-Colombes,8 villa des Aubépines 92270 Bois-Colombes,88b790fb-1eca-485f-9568-f251a16af25c
Police municipale - Bois-d'Arcy,6 avenue Paul-Vaillant-Couturier 78390 Bois-d'Arcy,7e3b58c7-bc33-4efd-babc-3e92282d199b
Police municipale - Bois-le-Roi,4 avenue Paul-Doumer 77590 Bois-le-Roi,33b8ecd6-bd13-43a5-b484-59e07a3e8916
Police municipale - Boissise-Le-Roi,11 rue du Château 77310 Boissise-le-Roi,a92266a4-45de-4a58-834f-1f564499621f
Police municipale - Boissy-Saint-Léger,28 rue de Paris 94470 Boissy-Saint-Léger,a2ec3c04-0f0b-4766-bcb1-3459b52ef4c1
Police municipale - Boissy-le-Châtel,3 place de la Mairie 77169 Boissy-le-Châtel,df0169fa-d362-4e2c-a9b9-e9c8ac18cc32
Police municipale - Bondy,8 avenue Pasteur 93140 Bondy,adfbe04c-e2f9-4dca-9c24-90dbe96b1e6e
Police municipale - Bonneuil-sur-Marne,17 avenue du Colonel-Fabien 94380 Bonneuil-sur-Marne,012bcf0d-24b2-4182-9999-8e89b1bdf11e
Police municipale - Bouafle,1 place Érambert 78410 Bouafle,f97b081d-b5cf-4c06-9059-d0c0f8a33e26
Police municipale - Bouffémont,12 rue Ferdinand-De-Lesseps 95570 Bouffémont,d37efce3-80f2-4377-b293-13d9aa1b16f6
Police municipale - Bougival,126 rue du Maréchal-Joffre 78380 Bougival,2c4ee616-8e4d-4dbf-9517-17f3e649c906
Police municipale - Boulogne-Billancourt,26 rue Andre-Morizet 92100 Boulogne-Billancourt,fbfd44d1-9a7b-4589-b65c-961bc50db317
Police municipale - Bourg-la-Reine,Place Condorcet 92340 Bourg-la-Reine,a4bd480a-ba09-4443-9eef-b375a1973f89
Police municipale - Bourron-Marlotte,135 rue du Général-de-Gaulle 77780 Bourron-Marlotte,f4548f20-1d02-41ef-b812-44fb7615ebcb
Police municipale - Boussy-Saint-Antoine,5 place des Droits-de-l'Homme 91800 Boussy-Saint-Antoine,998cf7c0-5ddd-4240-807d-1fa1e33112ec
Police municipale - Bray-sur-Seine,Place du Général-de-Gaulle 77480 Bray-sur-Seine,bac80929-f0da-4778-9607-c4e6885a5ce0
Police municipale - Breuillet,42 Grande-Rue 91650 Breuillet,97ee0b0f-26c2-40c4-ac03-95ff1b2af088
Police municipale - Brie-Comte-Robert,2 rue de Verdun 77170 Brie-Comte-Robert,7e94aa41-3698-49e4-99a7-937ad687f929
Police municipale - Brou-sur-Chantereine,1 rue des Bleuets 77177 Brou-sur-Chantereine,1e465802-8573-4eba-b736-d416cf74510f
Police municipale - Brunoy,15-17 rue République 91800 Brunoy,9ba9256f-25f0-4ad6-930c-96e2c37d3045
Police municipale - Bruyères-sur-Oise,11 rue de la Mairie 95116 Bruyères-sur-Oise,f786cd62-deb6-4206-816f-c516c6f63900
Police municipale - Bry-sur-Marne,7 rue Paul-Barilliet 94360 Bry-sur-Marne,14d0ced6-2354-4b50-afbe-27fdbce75a16
Police municipale - Brétigny-sur-Orge,20 rue Danièle-Casanova 91220 Brétigny-sur-Orge,ac9c6240-c8b2-4bbf-a9fc-384865950e28
Police municipale - Buc,3 rue des Frères-Robin 78530 Buc,929cdce3-195e-49eb-8f5e-95ab73f08b86
Police municipale - Buchelay,1 rue Gabriel-Péri 78200 Buchelay,74844e82-c03e-43a6-afce-d22afab98302
Police municipale - Bures-sur-Yvette,45 rue Charles-de-Gaulle 91440 Bures-sur-Yvette,61a3f629-751f-46d6-9fae-5b63e0338f2e
Police municipale - Bussy-Saint-Georges,38 boulevard Antoine-Giroust 77600 Bussy-Saint-Georges,e38fd14c-6e36-4810-be50-2c0fb7e292a5
Police municipale - Cachan,22 rue Guichard 94230 Cachan,4d26b05d-4f31-4e67-9100-d6831009e501
Police municipale - Calais,Parc Saint-Pierre 62100 Calais,9d90dcd1-c2fe-47f1-b359-a5a5e9684cce
Police municipale - Carrières-sous-Poissy,1 place Saint-Blaise 78955 Carrières-sous-Poissy,86a8c8c8-4137-4839-aa9c-c9ddb6dd4fef
Police municipale - Carrières-sur-Seine,20 rue des Cailles 78420 Carrières-sur-Seine,e4f276bc-71b2-401b-988d-a1bb65b3d536
Police municipale - Cergy,3 place Olympe-De-Gouges 95000 Cergy,5ccd07f5-3c7b-401b-a924-358eb7c0f822
Police municipale - Chailly-en-Bière,Place du Général-Leclerc 77930 Chailly-en-Bière,51dcbcd3-478f-479f-b740-b0a1efeab85f
Police municipale - Chalifert,Rue Louis Braille 77144 Chalifert,db30c3e9-2ee7-4d83-bebd-06ade1e16691
Police municipale - Chambourcy,35 rue de Gramont 78240 Chambourcy,c4c31edc-2055-4c46-b052-cb0049d734b5
Police municipale - Champagne-sur-Oise,2 place Général-de-Gaulle 95660 Champagne-sur-Oise,7dcda274-8eda-42e0-bb3e-4c5bc491e5f6
Police municipale - Champagne-sur-Seine,8 rue Jean-Jaurès 77430 Champagne-sur-Seine,595de732-1615-486b-8245-d6436077384d
Police municipale - Champigny-sur-Marne,14 rue Louis-Talamony 94500 Champigny-sur-Marne,356324f0-c343-4e96-a1c9-fe27a48cbdb6
Police municipale - Champlan,Rue de la Mairie 91160 Champlan,b7b98174-b2a4-4945-b4ac-4ebe6789d40f
Police municipale - Chanteloup-les-Vignes,16 rue du Général-Leclerc 78570 Chanteloup-les-Vignes,79cda187-d41f-43c2-895b-6c34f1f488b9
Police municipale - Charenton-le-Pont,8 place Henri-d'Astier 94220 Charenton-le-Pont,38ceef55-483b-4d47-a37d-bef274065979
Police municipale - Chartrettes,Mairie  37ter rue Georges-Clémenceau 77590 Chartrettes,0e2e9b64-12e9-4a17-8686-04ba658eda13
Police municipale - Chatou,3 rue des Beaunes 78400 Chatou,c2b34f29-a36d-495c-8bf3-5213e6b83028
Police municipale - Chaumes-en-Brie,Place Foch 77390 Chaumes-en-Brie,af035f02-fb35-4e87-968d-da7626461efd
Police municipale - Chaumontel,20 rue André-Vassord 95270 Chaumontel,0a3fa226-5a82-4007-9f40-0d7643268a63
Police municipale - Chaville,1392 avenue Roger-Salengro 92370 Chaville,31ad6a3a-d9b9-473c-a52c-2d46369d4f7b
Police municipale - Chelles,12 rue Adolphe-Besson 77500 Chelles,f91da9f1-c01f-4c55-a2b6-7341f268be86
Police municipale - Chennevières-sur-Marne,45 rue Aristide-Briand 94430 Chennevières-sur-Marne,b9986d2a-b551-4ecd-8bcb-eb9a838783c2
Police municipale - Chessy,32 rue Charles-de-Gaulle 77700 Chessy,833296f6-d783-4cd5-938e-3f46564e157f
Police municipale - Chevilly-Larue,2 place Nelson Mandela 94550 Chevilly-Larue,b3edfe58-93f8-4c0e-90fb-c066914fc412
Police municipale - Chevreuse,5 rue de la Division-Leclerc 78460 Chevreuse,6b24edeb-dca4-409a-94ef-15e64da8ab9c
Police municipale - Chevry-Cossigny,20 rue Charles-Pathé 77173 Chevry-Cossigny,67718a17-12d8-4682-9ab5-8b276b77fa6a
Police municipale - Chilly-Mazarin,25 rue Pasteur 91380 Chilly-Mazarin,6ed5073a-9b81-48c0-b9bf-52d750139963
Police municipale - Choisy-le-Roi,Place Gabriel-Péri 94600 Choisy-le-Roi,1ec3c874-b50c-4e9f-8ab3-585cbb9d216e
Police municipale - Château-Landon,2 place de l'Hôtel-de-Ville 77570 Château-Landon,c7f44f93-bfe8-4879-9c18-a82d9c5c4f53
Police municipale - Châtenay-Malabry,26 rue du Docteur-Le-Savoureux 92290 Châtenay-Malabry,00dca506-c3ba-4373-bf0e-a0a287f30ae0
Police municipale - Châtillon,79 rue Pierre-Sémard 92320 Châtillon,697a2bf0-6c5f-4fc9-bf77-5a2867eae114
Police municipale - Clamart,5 rue d'Auvergne 92140 Clamart,da5e2279-a712-4d45-80db-f64d06d54456
Police municipale - Claye-Souilly,1 place Charles de Gaulle 77410 Claye-Souilly,571fc543-5460-45ca-8a8c-ae9c2bc9f714
Police municipale - Clichy,65 rue Martre 92500 Clichy,a312cf09-4520-4c01-bb49-4033e58c5fb6
Police municipale - Clichy-sous-Bois,201 allée de Gagny 93390 Clichy-sous-Bois,ebd7a58e-b156-4c58-9d02-519bdba39384
Police municipale - Coignières,Hôtel de ville  Place de l'Église-Saint-Germain-d'Auxerre 78310 Coignières,fbe6323a-bad9-4248-8154-48ea2f1a5c84
Police municipale - Colombes,7 rue de la Liberté 92700 Colombes,b96a63fb-f77f-4248-9cd2-33d565166c53
Police municipale - Combs-la-Ville,3 rue Pablo-Picasso 77380 Combs-la-Ville,5552c542-34b7-4fd2-9f85-35fea40fd80a
Police municipale - Compans,19 rue du Calvaire 77290 Compans,e9586b8f-c8ab-43da-bd37-5bb62a0c03f1
Police municipale - Conflans-Sainte-Honorine,64 rue Maurice-Berteaux 78700 Conflans-Sainte-Honorine,f60085eb-8649-48c8-aaf8-39fdd03fb828
Police municipale - Corbeil-Essonnes,39 boulevard Georges-Michel 91100 Corbeil-Essonnes,23a05d49-2fbc-4667-9c9d-052c61447ab8
Police municipale - Cormeilles-en-Parisis,6 place de la Brigadière Clarissa Jean-Philippe 95240 Cormeilles-en-Parisis,1e9d652d-65fd-4add-bbdf-2b04dd8620fb
Police municipale - Couilly-Pont-aux-Dames,46 rue Eugène-Leger 77860 Couilly-Pont-aux-Dames,50c87780-bb9a-471a-9f43-3fd570373761
Police municipale - Coulommiers,17 boulevard de la Marne 77120 Coulommiers,f1e92efb-2aac-47ea-b7b6-884610d54265
Police municipale - Coupvray,2 place de la Mairie 77700 Coupvray,5102b4ef-4b24-4911-8d10-01bcabb81d0d
Police municipale - Courbevoie,9-13 rue Lambrechts 92400 Courbevoie,70035f48-35f0-45ed-a3d2-ecbd581816d4
Police municipale - Courdimanche,Rue Vieille-Saint-Martin 95800 Courdimanche,adc0df93-56c9-428b-88d0-6781d47157ab
Police municipale - Courtry,18 rue des Ormeaux 77181 Courtry,49f0e4ee-35a8-4833-a224-dfc9940820e4
Police municipale - Croissy-sur-Seine,8 avenue de Verdun 78290 Croissy-sur-Seine,08af5332-62b0-4524-ac38-89c38570c121
Police municipale - Crosne,3 place Boileau 91560 Crosne,3e099777-625a-4475-b2d4-ee7f29d9e91a
Police municipale - Crécy-la-Chapelle,Place Michel-Houel 77580 Crécy-la-Chapelle,490df6f7-8118-4bac-bfb4-d6bd022ab72b
Police municipale - Crégy-lès-Meaux,14 bis rue Jean-Jaurès 77124 Crégy-lès-Meaux,833e3fdc-7275-4658-a67d-f2e93e68cd6a
Police municipale - Dammarie-les-Lys,Château Soubiran  170 avenue Henri-Barbusse 77190 Dammarie-les-Lys,f05c1cae-6ca8-44ae-bb99-d43c875b8342
Police municipale - Dammartin-en-Goële,79 rue du Général-de-Gaulle 77230 Dammartin-en-Goële,014c3457-8937-4ae7-a8b9-99e6ec562503
Police municipale - Dampmart,7 rue du Château 77400 Dampmart,4cd64f89-deda-440b-8ae8-ca7a208f633a
Police municipale - Deuil-la-Barre,9 avenue Schaeffer 95170 Deuil-la-Barre,719c41fe-5c97-4c5f-aa7f-b98a1d58c4b5
Police municipale - Domont,66 rue du Chemin-Vert 95530 Domont,3c9c098a-a02c-402f-a18f-e9b809cbb086
Police municipale - Dourdan,Esplanade Jean-Moulin 91410 Dourdan,49fe2dd7-3a7f-403e-a633-740a9386ee98
Police municipale - Drancy,40 avenue Marceau 93700 Drancy,b6fe199f-098b-47cd-846e-80a7d24a65c5
Police municipale - Draveil,3 avenue de Villiers 91210 Draveil,157a1a14-fa2e-43ed-a583-77c6cc4705ad
Police municipale - Dugny,9 place Gabriel Péri 93440 Dugny,5fcc1e96-3da7-45ef-ad0d-09deb228430d
Police municipale - Eaubonne,7 avenue de Budenheim 95600 Eaubonne,ffe64a4e-9565-4305-b827-8853724de0ff
Police municipale - Ecquevilly,1 place Henry-Deutsch-De-La-Meurthe 78920 Ecquevilly,cd654b06-1146-4c9f-9d37-d9521beded5d
Police municipale - Enghien-les-Bains,17 place du Maréchal-Foch 95880 Enghien-les-Bains,3c737009-79cd-4f39-8235-08cb36449228
Police municipale - Ermont,1 rue Saint-Flaive Prolongée 95120 Ermont,d94d8af5-310f-44ea-8bc9-25ee3cb806f4
Police municipale - Esbly,7 rue Victor-Hugo 77450 Esbly,0780001b-1ce8-4d66-9385-c9f85009316f
Police municipale - Faremoutiers,Avenue  Victor-Massoul 77515 Faremoutiers,83ba00dd-cf3b-4875-91f1-a0a46c448892
Police municipale - Feucherolles,39 Grande-Rue 78810 Feucherolles,c84efcca-861e-4769-846d-b12bbd8dbae1
Police municipale - Flins-sur-Seine,116 rue Charles-de-Gaulle 78410 Flins-sur-Seine,263f33b3-7262-4600-9b07-a341cc6484d7
Police municipale - Fontainebleau,10 rue Paul Séramy 77300 Fontainebleau,a17d0bf3-8afd-4b73-991c-591c100ac6d1
Police municipale - Fontenay-Trésigny,10 bis avenue de Verdun 77610 Fontenay-Trésigny,1e551ec8-74d3-4cdf-b9eb-7627bf048f95
Police municipale - Fontenay-aux-Roses,10 place du Château-Sainte-Barbe 92260 Fontenay-aux-Roses,4bc0938a-feb9-4439-8ba3-5c539066df19
Police municipale - Fontenay-le-Fleury,Place du 8-Mai-1945 78330 Fontenay-le-Fleury,fce707af-8124-46cd-8d5a-4ae15a292bc2
Police municipale - Fontenay-lès-Briis,1 place de la Mairie 91640 Fontenay-lès-Briis,3e68a446-e24d-455b-aa25-0bb3a93121c5
Police municipale - Fontenay-sous-Bois,Aile Est de l'hôtel de ville  4 esplanade Louis-Bayeurte 94120 Fontenay-sous-Bois,4cee8472-39c1-40b7-9ba4-f10204ea8a47
Police municipale - Fosses,1 place du 19-mars-1962 95470 Fosses,358949e0-906e-4bff-9732-e1330552d988
Police municipale - Franconville,9 rue d'Ermont 95130 Franconville,224a4264-5d6a-4c9a-83f6-8ee8b0bd9d60
Police municipale - Fresnes,14 rue Roger-Salengro 94260 Fresnes,a6b29b1a-73c5-4789-b666-bb061ce98034
Police municipale - Frépillon,2 rue du Coudray 95740 Frépillon,6307b1c8-0c17-4fb5-b9f2-02fad29470d0
Police municipale - Garancières,Place Saint-Pierre 78890 Garancières,a8cc9eee-2198-49f4-a734-ad4340298a75
Police municipale - Gargenville,5 place du 8-mai-1945 78440 Gargenville,d6ff5746-f272-4d78-9372-ec8436a983a0
Police municipale - Garges-lès-Gonesse,Place Henri-Barbusse 95140 Garges-lès-Gonesse,b3510f10-1956-4eda-96fe-04e14bb8af60
Police municipale - Gif-sur-Yvette,10 allée du Parc 91190 Gif-sur-Yvette,13847b13-0549-4bde-893b-f6645733fce7
Police municipale - Gonesse,20 avenue François-Mitterrand 95500 Gonesse,cedee540-bc05-4fe3-b761-9c5db283908b
Police municipale - Gournay-sur-Marne,1 rue Gabriel Verdier 93460 Gournay-sur-Marne,b2410908-5ceb-40ce-9fb6-81f6c3a0df3c
Police municipale - Goussainville,Rue Pablo-Neruda 95190 Goussainville,06a568ab-e58b-4d0d-a6b4-7345fd5676fd
Police municipale - Gretz-Armainvilliers,69 rue de Paris 77220 Gretz-Armainvilliers,210e3c34-3d96-4530-9f64-ae72b817651b
Police municipale - Grigny,19 route de Corbeil 91350 Grigny,e40a6295-d908-44b1-991e-81b460388d18
Police municipale - Grisy-Suisnes,Place de la Mairie 77166 Grisy-Suisnes,f9d58993-49af-45a7-988a-47b4b10eba9d
Police municipale - Groslay,1 rue Lambert-Tétart 95410 Groslay,802a27a1-713d-4000-a9f6-560d60928e5a
Police municipale - Guyancourt,1 place Max-Pol-Fouchet 78280 Guyancourt,274cb7e0-e9cd-4430-96b4-1f5ce6b55716
Police municipale - Herblay-sur-Seine,20 place de la Halle 95220 Herblay-sur-Seine,d35525e6-07ab-40a5-a8b4-3db9a4c9c05c
Police municipale - Houdan,69 Grande-Rue 78550 Houdan,5a07a1b3-836f-41ff-be5b-e56414202d2f
Police municipale - Houilles,8 rue Felix-Toussaint 78800 Houilles,11c42d7b-838b-4304-ab82-75ad21ad5dca
Police municipale - Héricy,6 rue de l'Église 77850 Héricy,a39b239f-834d-4316-8a2e-e958e6e264b0
Police municipale - Igny,23 avenue de la Division-Leclerc 91430 Igny,68d30078-304b-4678-aea0-2293b91cada9
Police municipale - Issoudun,Place des Droits-de-l'Homme 36105 Issoudun,c4e28adb-5af3-4414-b129-28a50f6f16ed
Police municipale - Itteville,103 rue Saint-Germain 91760 Itteville,5f4dcb75-a020-4787-af75-510bceeb902b
Police municipale - Joinville-le-Pont,4 bis avenue du Président-Wilson 94340 Joinville-le-Pont,8a4026ff-d055-437f-8a07-9b8625683e12
Police municipale - Jouarre,Place Auguste-Tinchant 77640 Jouarre,01024702-d4be-4a9a-86c3-9fbdab592c55
Police municipale - Jouars-Pontchartrain,1 rue Sainte-Anne 78760 Jouars-Pontchartrain,e2f7684a-0dd5-4e55-99af-ca757fe34d73
Police municipale - Jouy-en-Josas,19 avenue Jean Jaurès 78350 Jouy-en-Josas,55f6fdc7-b175-4058-8e7d-1ddff5d996e0
Police municipale - Jouy-le-Moutier,56 Grande-Rue 95280 Jouy-le-Moutier,e3065785-1600-4ef1-82d5-fa4e98df8998
Police municipale - Juvisy-sur-Orge,18a rue Jules-Ferry 91260 Juvisy-sur-Orge,dd4afb10-d8a4-4bcc-9346-a40302b78e96
Police municipale - Juziers,33 rue Janine-Vins 78820 Juziers,89455c5b-b003-44f3-90ca-d4ebbed1fec5
Police municipale - L'Haÿ-les-Roses,12 rue des Jardins 94240 L'Haÿ-les-Roses,350bcaa5-4998-428d-b6b9-9cad527edf23
Police municipale - L'Isle-Adam,Clos Dambry  1bis avenue de Paris 95290 L'Isle-Adam,079e59ee-ec1c-487b-b6cd-926aa26837fe
Police municipale - L'Étang-la-Ville,8 rue de Fonton 78620 L'Étang-la-Ville,4fbb2129-e09f-4cf4-8165-cde3fb3b033b
Police municipale - La Celle-Saint-Cloud,8E avenue Charles-de-Gaulle 78170 La Celle-Saint-Cloud,57a062b7-6169-4ab2-b32c-5660d787403b
Police municipale - La Chapelle-la-Reine,17 rue du Docteur-Battesti 77760 La Chapelle-la-Reine,2b534734-04bc-4cbf-8295-be430752327a
Police municipale - La Courneuve,51 rue de la Convention 93120 La Courneuve,8319ca28-6b4a-4862-bba5-5f30d823f0ef
Police municipale - La Ferté-Alais,5 rue des Fillettes 91590 La Ferté-Alais,363ab83c-f397-41aa-88c7-a1af7628da11
Police municipale - La Ferté-Gaucher,1 place du Général-de-Gaulle 77320 La Ferté-Gaucher,bf0e4dce-99f5-40fe-9180-72ce2f3e3f25
Police municipale - La Ferté-sous-Jouarre,15 rue Goury 77260 La Ferté-sous-Jouarre,d55a2468-f447-49bd-9bfd-7e072203dec5
Police municipale - La Frette-sur-Seine,55 quai de Seine 95530 La Frette-sur-Seine,439773ee-15f0-4d95-9907-61d7c42e0930
Police municipale - La Garenne-Colombes,53 rue Sartoris 92250 La Garennes-Colombes,4a1a207b-5b09-40ea-b29d-e0195d74cf89
Police municipale - La Grande-Paroisse,Rue Grande 77130 La Grande-Paroisse,b6b37009-41cd-4445-af42-ad254dd16b4c
Police municipale - La Norville,1 rue Pasteur 91290 La Norville,117fb85f-2a9d-451d-ad7c-0cc13cd8c5fa
Police municipale - La Queue-en-Brie,Place du 18-Juin-1940 94510 La Queue-en-Brie,b734529b-1e7a-4b55-8852-020df33c294a
Police municipale - La Rochette,55 rue Rosa-Bonheur 77000 La Rochette,6820891f-e012-4804-bc29-d4bf4198c644
Police municipale - La Verrière,Avenue des Noés 78320 La Verrière,a53d3327-a7dc-4035-ac0b-318751fe3415
Police municipale - La Ville-du-Bois,15 rue du Grand-Noyer 91620 La Ville-du-Bois,db419871-d1da-4948-8147-b860b94510ee
Police municipale - Lagny-sur-Marne,4 avenue du Général-Leclerc 77400 Lagny-sur-Marne,02357534-88de-4ce2-bf7d-f13cfbe911ed
Police municipale - Lardy,70 Grande-Rue 91510 Lardy,84ea0b09-c35d-4a38-bb8b-766c7ded1b1a
Police municipale - Le Blanc-Mesnil,74 avenue de la République 93150 Le Blanc-Mesnil,6d92431b-c215-4c40-9a89-d3b2c4e068da
Police municipale - Le Bourget,Place du Marché 93350 Le Bourget,be004159-3861-48fd-8327-3faa5d5c116d
Police municipale - Le Chesnay-Rocquencourt,42 avenue Charles-de-Gaulle 78150 Le Chesnay-Rocquencourt,0333d6ec-d4f3-486d-b2be-c1780e234313
Police municipale - Le Châtelet-en-Brie,3 rue de Robillard 77820 Le Châtelet-en-Brie,f36b39f6-358f-4f19-aaa0-9f3af7c45580
Police municipale - Le Coudray-Montceaux,3 place de la Mairie 91830 Le Coudray-Montceaux,59be2e30-1a26-406d-addb-62832d2ee1d0
Police municipale - Le François,"Hôtel de ville place Charles de Gaulle 97240 Le François, Martinique",0e2b5b3d-ec38-41f6-b70d-7d125960f55b
Police municipale - Le Kremlin-Bicêtre,Place Jean-Jaurès 94270 Le Kremlin-Bicêtre,1cabbfb7-32c6-436f-9314-3e63d5cc63ea
Police municipale - Le Mesnil-Saint-Denis,1 rue Henri-Husson 78320 Le Mesnil-Saint-Denis,78bc4bce-076e-44d3-9dd3-716287b8d3e0
Police municipale - Le Mesnil-le-Roi,1 rue du Général-Leclerc 78600 Le Mesnil-le-Roi,c87caa31-af70-455d-b0e7-146a72b5820b
Police municipale - Le Mée-sur-Seine,555 route de Boissise 77350 Le Mée-sur-Seine,741076bd-3e11-46bc-bccf-9bf20c115c22
Police municipale - Le Mérévillois,Place de l'Hôtel-de-Ville 91660 Le Mérévillois,9f994ec4-8e2a-4a9c-9fd0-903cce24345a
Police municipale - Le Pecq,13 bis quai Maurice-Berteaux 78230 Le Pecq,309cc6e9-0293-4004-84e6-d1990ae73da2
Police municipale - Le Perreux-sur-Marne,2 rue Denfert-Rochereau 94170 Le Perreux-sur-Marne,538310d9-353f-48cf-8bdc-4cb7c5e463e7
Police municipale - Le Plessis-Bouchard,156 chaussée Jules-César 95130 Le Plessis-Bouchard,4dd901a3-fec5-4cc1-ae41-0a67d0c902c5
Police municipale - Le Plessis-Pâté,Place du 8-Mai-1945 91220 Le Plessis-Pâté,a0d740c0-64ba-4cc1-9e09-8891c2aba9e4
Police municipale - Le Plessis-Trévise,36 avenue Ardouin 94420 Le Plessis-Trévise,abb20b38-fd46-455a-bcbb-fc57be70fc3c
Police municipale - Le Port-Marly,9 avenue Simon-Vouet 78560 Le Port-Marly,c096c856-b96e-4181-8fa8-50de81ce9101
Police municipale - Le Pré-Saint-Gervais,86 rue André Joineau 93310 Le Pré-Saint-Gervais,e87b9417-39fe-4706-8094-b28b615d8faa
Police municipale - Le Raincy,8 allée Baratin 93340 Le Raincy,5438a9ec-7643-4c89-8576-a8acaf17fc82
Police municipale - Le Soler,Place andré-Daugnac 66270 Le Soler,f1e7eff9-f717-4bbc-9563-74f662822d1f
Police municipale - Le Vésinet,17 rue Thiers 78110 Le Vésinet,ff0e984a-f3b0-47f6-aea7-b9efe255b347
Police municipale - Le plessis-Robinson,3 place de la Mairie 92350 Le plessis-Robinson,74f1d75d-a110-451b-b8f2-db8c3194b3ee
Police municipale - Les Clayes-sous-Bois,17 avenue de Villepreux 78340 Les Clayes-sous-Bois,ffae6238-fdba-4246-9b67-ba19d5727164
Police municipale - Les Essarts-le-Roi,18 rue du 11-novembre 78690 Les Essarts-le-Roi,4f9fab74-f28f-4617-aaf9-856de1a6bb8e
Police municipale - Les Lilas,17 rue Jean Poulmarch 93260 Les Lilas,e8422304-f6b0-4dda-badc-540689eddf86
Police municipale - Les Loges-en-Josas,2 Grande-Rue 78350 Les Loges-en-Josas,601ecfa6-aa90-4427-9216-220a22bf2d38
Police municipale - Les Mureaux,77 boulevard Victor Hugo 78130 Les Mureaux,13bfa9d1-d211-43fe-b5be-11944e8b4813
Police municipale - Les Mureaux,77 boulevard Victor-Hugo 78130 Les Mureaux,b4f2cf74-9dac-42cb-8242-af5eaeabbb86
Police municipale - Les Ulis,Rue du Morvan 91940 Les Ulis,ec802e21-4ba2-41d2-900d-81fbcabf906e
Police municipale - Levallois-Perret,43 rue Kléber 92300 Levallois-Perret,3dddae9d-3ab9-4f3d-bf5d-b09c2883229b
Police municipale - Lieusaint,48 rue de Paris 77127 Lieusaint,b87ab827-40e8-445d-bf1d-a713d9b53869
Police municipale - Limeil-Brévannes,77 rue Henri-Barbusse 94450 Limeil-Brévannes,570a10d2-40c3-42b8-bb1a-259cdb4f3e7a
Police municipale - Linas,Place Ernest-Pillon 91310 Linas,478b27d6-ff13-4036-9215-199639dbd760
Police municipale - Lisses,Mail de l'Ile-de-France 91090 Lisses,9d05eded-68a7-4eee-960f-bfb5efa64a93
Police municipale - Livry-Gargan,40 rue du Vieux-Chemin-De-Meaux 93190 Livry-Gargan,5bd92354-daff-4d9c-aac7-533bc1f0d038
Police municipale - Lizy-sur-Ourcq,Place de Verdun 77440 Lizy-sur-Ourcq,bef4a357-4380-4a02-bf06-73d878b8a6d6
Police municipale - Lognes,1 rue Nicolas-Appert 77185 Lognes,c7dc4e27-f5d4-422a-b242-34daa7f4802f
Police municipale - Longjumeau,6 rue des Écoles 91160 Longjumeau,c69c877c-aeee-4e54-907c-c04c0590ffe1
Police municipale - Longpont-sur-Orge,Place des Combattants 91310 Longpont-sur-Orge,1513de92-faf3-4985-b685-512af3cc5720
Police municipale - Longueville,Mairie  13 rue Henri-Fouilleret 77650 Longueville,dff9a6fe-b7e8-4087-b603-d29925826727
Police municipale - Louveciennes,10 place de la Gare 78350 Louveciennes,add31f9e-9a5b-450e-ad52-9c8487d09842
Police municipale - Luzarches,Place de la Mairie 95270 Luzarches,6e5f505c-29ed-4785-8521-2ff2a9a24c69
Police municipale - Lésigny,Chemin du Couchant 77150 Lésigny,e18a841f-f1b9-4b6d-8a1b-2dd08ad08e11
Police municipale - Magnanville,Rue de la Ferme 78200 Magnanville,8943590e-5bf5-4709-aedb-20b3232d3bf9
Police municipale - Magny-en-Vexin,20 rue de Crosne 95420 Magny-en-Vexin,cac764a3-23cd-4c45-993c-7ab96dc21267
Police municipale - Magny-le-Hongre,1 rue de l'Église 77268 Magny-le-Hongre,b69f7d1d-400c-47b7-96f1-430b6b274928
Police municipale - Magny-les-Hameaux,1 place Pierre-Bérégovoy 78114 Magny-les-Hameaux,b7b0100e-98b2-4c94-9bd6-518d79611104
Police municipale - Maisons-Alfort,118 avenue du Général-de-Gaulle 94700 Maisons-Alfort,17e08b32-64b0-43dc-9c66-94ad8c0492e0
Police municipale - Maisons-Laffitte,2 allée Claude-Lamirault 78600 Maisons-Laffitte,5eddab75-aef6-49d6-ba39-610aab84234c
Police municipale - Malakoff,1 place du 11-novembre-1918 92240 Malakoff,2465eda0-90b8-44bb-8475-791ae3312716
Police municipale - Mantes-la-Jolie,17 boulevard des Cygnes 78200 Mantes-la-Jolie,d6ab346c-b352-4f77-b793-7d41b8ec93eb
Police municipale - Mantes-la-Ville,1 rue du Val Saint-George 78711 Mantes-la-Ville,7e8c799f-d8ed-42b3-8620-a5393b69e31f
Police municipale - Marcoussis,5 rue Alfred-Dubois 91460 Marcoussis,7238772d-562e-4b3f-a968-9dacc2ad23cb
Police municipale - Mareil-Marly,2 rue Tellier-Frères 78750 Mareil-Marly,0655c270-8278-4004-8c0c-9039a815b55b
Police municipale - Marines,Place du Maréchal-Leclerc 95640 Marines,8d2fca71-0b30-44e5-84a4-6c885c1ae661
Police municipale - Marly-le-Roi,34 avenue de Saint-Germain 78160 Marly-le-Roi,174376fa-9398-4afe-8913-389ec41ddbc8
Police municipale - Marolles-en-Hurepoix,1 avenue Charles-de-Gaulle 91630 Marolles-en-Hurepoix,9018dad9-cac8-407b-9992-6ef09d1905b1
Police municipale - Marolles-sur-Seine,Place Charles-de-Gaulle 77130 Marolles-sur-Seine,fdc98c23-f622-42ce-bdb9-1262c4c4f979
Police municipale - Massy,43 avenue de la Division-Leclerc 91300 Massy,e482e345-3f5f-4bb0-adc8-2624c2661fdf
Police municipale - Maule,Mairie  Place de la Mairie 78580 Maule,5bc1509b-f3f9-4b82-8b8b-570f6404de13
Police municipale - Maurecourt,1 rue du Marchal-Leclerc 78780 Maurecourt,40ad1e4d-b22c-459e-918c-99d3b333fdc3
Police municipale - Maurepas,1 allée du Bourbonnais 78310 Maurepas,870f63c5-9f19-4bdf-8398-9fecfb601d4c
Police municipale - Melun,Rue Paul-Doumer 77000 Melun,33d5891f-c0b1-4e91-99c5-f1acfc743af7
Police municipale - Mennecy,7 rue de l'Arcade 91540 Mennecy,536972c7-19a8-433a-8e68-764dcfa38602
Police municipale - Menucourt,14 rue Pasteur 95180 Menucourt,a30f401e-72c3-45fc-a3c3-c20a77dd6e31
Police municipale - Meudon,Hotel de Ville 6 avenue Le Corbeiller 92190 Meudon,e6cf19be-695e-43c8-9d0b-9359f38d7d2c
Police municipale - Meulan-en-Yvelines,7 rue des Écoles 78250 Meulan-en-Yvelines,71bb11bc-e6c2-4253-9f24-7ae53e1f1930
Police municipale - Milly-la-Forêt,51 rue Langlois 91490 Milly-la-Forêt,be46de95-1199-42fb-94b4-6f5bdb2a73d9
Police municipale - Moissy-Cramayel,306 avenue Philippe-Bur 77550 Moissy-Cramayel,c59fac98-ce6a-4a0c-801e-73e62fb30177
Police municipale - Montereau-Fault-Yonne,2 rue Pierre-Corneille 77130 Montereau-Fault-Yonne,31c3d0b2-5851-4fca-9e61-3e321d77afc9
Police municipale - Montesson,1 place Roland-Gauthier 78360 Montesson,fea66a8d-0701-461f-b12d-efdefe00c277
Police municipale - Montfermeil,4 rue de la Haute-Futaie 93370 Montfermeil,fd4aa9ab-00ed-4a2f-9d16-a920ea065854
Police municipale - Montfort-l'Amaury,36 rue de Paris 78490 Montfort-l'Amaury,43b09f11-dd7a-4360-97bb-a85752ccfc2d
Police municipale - Montgeron,2 place Rottembourg 91230 Montgeron,dc80ab3a-aa0b-42f8-8793-7cad5f07e306
Police municipale - Montigny-Sur-Loing,Place de la Mairie 77690 Montigny-sur-Loing,d1b2381a-7429-4287-810c-0fa1f5d554ce
Police municipale - Montigny-le-Bretonneux,66 rue de la Mare-Aux-Carats 78180 Montigny-le-Bretonneux,b64c651c-4854-46a3-a03a-6acd0d868a2b
Police municipale - Montigny-lès-Cormeilles,Rue Guy-de-Maupassant 95370 Montigny-lès-Cormeilles,74916cf3-3551-4a00-825c-a98e8c9b7477
Police municipale - Montlhéry,Place Daniel-Louis-Meyer 91310 Montlhéry,feb3f355-f406-4885-a503-3b54876bc395
Police municipale - Montlignon,10 rue des Écoles 95680 Montlignon,041ef263-a995-438b-9362-40ed5fc73c9e
Police municipale - Montmagny,6 rue de Montmorency 95360 Montmagny,35c9b896-078a-4b1f-a2a4-cba9b66b06b7
Police municipale - Montmorency,1 rue de Bellevue 95160 Montmorency,8baad0dd-9ee2-459f-9286-d179176027c9
Police municipale - Montreuil,Bâtiment Atrium  104 avenue de la Résistance 93100 Montreuil,d33632ca-ffbf-4f46-a8fd-8a5a1c6c5b10
Police municipale - Montrouge,16 rue Victor-Hugo 92120 Montrouge,c55d008c-aeb3-4f02-8ccb-9b428556fc67
Police municipale - Montry,25 avenue de la Mairie 77450 Montry,f428b227-7652-40e0-92fb-f9cb1b177b5d
Police municipale - Montsoult,21 rue de la Mairie 95560 Montsoult,2b0d02f7-1487-4f70-b5eb-53261bf03dff
Police municipale - Montévrain,6 rue de Copenhague 77144 Montévrain,09c01d46-7794-4f1d-8d05-1a1771bfe0e1
Police municipale - Morangis,16 avenue Descartes 91420 Morangis,1ceaa6ba-2565-4b4d-b52b-8f10eebc8e5b
Police municipale - Moret-Loing-et-Orvanne,26 Rue Grande 77250 Moret-Loing-et-Orvanne,55a4a62a-3cc9-44d3-b0f0-c2b653a23807
Police municipale - Morigny-Champigny,8 rue de la Mairie 91150 Morigny-Champigny,c04dc93d-c1f3-4bbb-bf28-fa361b75abcd
Police municipale - Morsang-sur-Orge,Square Alexandre-Christophe 91390 Morsang-sur-Orge,b5a92b24-ca77-4a87-9b2d-cf3d7839c218
Police municipale - Mouroux,36 rue Abel-Leblanc 77120 Mouroux,77d8ad0f-5c06-4b9a-bf1b-4280d43ffc46
Police municipale - Mériel,62 Grande-Rue 95630 Mériel,6cc12c71-eee3-49fe-9450-b9f2bbc83e13
Police municipale - Méry-sur-Oise,2 bis impasse du Château 95540 Méry-sur-Oise,0c96fd71-5cee-4814-85aa-347795cf9236
Police municipale - Méré,Square Raoul-Breton 78490 Méré,6d68ae19-7e26-4f20-9376-d46c7cefc261
Police municipale - Mézières-sur-Seine,Place Commandant-Grimblot 78970 Mézières-sur-Seine,97efe2a2-fdb9-4969-b273-ecc0ab34c270
Police municipale - Nandy,9 rue de l'Église 77176 Nandy,bfecc463-b0f9-450d-8436-3dcae17a7e40
Police municipale - Nangis,13 rue des Fontaines 77370 Nangis,95768468-b685-4c12-8418-dd281cc75760
Police municipale - Nanterre,Parc des Anciennes-Mairies 92000 Nanterre,157a53dc-e931-4123-880e-4b40d5f2e143
Police municipale - Neauphle-le-Château,2 place aux Herbes 78640 Neauphle-le-Château,64adfff2-7f89-4293-9388-121f6f549ea3
Police municipale - Nemours,39 rue du Docteur-Chopy 77140 Nemours,b636a5cc-26ad-4a53-8895-808f7870d4ef
Police municipale - Nesles-la-Vallée,Place Aristide-Partois 95690 Nesles-la-Vallée,0f70b0b2-eb29-48de-a09c-b5628977ddd4
Police municipale - Neuilly-Plaisance,6 rue du Général-de-Gaulle 93360 Neuilly-Plaisance,4e46563b-9ccd-4ca1-85f7-c18aaaef95a7
Police municipale - Neuilly-sur-Marne,1 place François-Mitterrand 93330 Neuilly-sur-Marne,a6b0a001-95a7-4c29-a5f1-58c0b7299c9a
Police municipale - Neuilly-sur-Seine,117 avenue Achille-Peretti 92200 Neuilly-sur-Seine,5cd3c307-30a5-4a78-9d8d-da4bff780305
Police municipale - Nogent-sur-Marne,10 rue Paul-Doumer 94130 Nogent-sur-Marne,92a0372c-7aaf-4517-8727-f71f4fb9d422
Police municipale - Noiseau,2 rue Pierre-Vienot 94880 Noiseau,6f080925-fd38-489e-bbd0-05310e320749
Police municipale - Noisiel,1 place Gaston-Deferre 77186 Noisiel,450392f8-6637-40ca-a534-9f1d4e85328b
Police municipale - Noisy-Le-Sec,Centre Gérard-Philippe 115 rue Jean-Jaurès 93130 Noisy-Le-Sec,df938eca-74bd-43a9-8c8a-fc42d0207cdb
Police municipale - Noisy-le-Grand,72 boulevard Paul-Pambrun 93160 Noisy-le-Grand,593e823c-124d-4b4a-ba60-ba5461c89abc
Police municipale - Noisy-le-Roi,37 rue André-Le-Bourblanc 78590 Noisy-le-Roi,7b934d03-f162-4d8d-af5d-2af61ccd0ce2
Police municipale - Nozay,Place de la Mairie 91620 Nozay,7e72db5b-33fa-447a-96b3-85d9b70256b2
Police municipale - Ollainville,2 rue de la Mairie 91340 Ollainville,c5438354-e29b-418b-b335-3fd7cec908ca
Police municipale - Orgerus,Place des Halles 78910 Orgerus,bfd4219d-2660-49e5-9219-1bdd58e3ffad
Police municipale - Orgeval,123 rue du Docteur-Maurer 78630 Orgeval,ff64d53a-aa1c-4f2a-bf2c-19efb16d6740
Police municipale - Orly,3 Avenue Adrien-Raynal 94310 Orly,48e637af-190a-4f84-a853-2b60cfad8418
Police municipale - Orsay,40 rue de Paris 91400 Orsay,d25370ec-57cf-406b-95cb-21881c51b411
Police municipale - Osny,14 rue William-Thornley 95520 Osny,f11b48fb-704c-43c5-bed5-27dcb2a6fd00
Police municipale - Othis,Rue Gérard-de-Nerval 77280 Othis,f0dca6c7-e4b8-40e1-928f-0e6c3e82557e
Police municipale - Ozoir-la-Ferrière,6 rue Jean-Mermoz 77330 Ozoir-la-Ferrière,89b04743-986c-4cba-b52d-beb30a10f966
Police municipale - Palaiseau,8 avenue des Alliés 91120 Palaiseau,9506d2db-f040-4422-b2b9-838b021cd1f8
Police municipale - Pantin,201 avenue Jean-Lolive 93500 Pantin,2ccaedf6-b6f6-4538-a2ca-912e8616806e
Police municipale - Paray-Vieille-Poste,Place Henri-Barbusse 91550 Paray-Vieille-Poste,faea83ab-4c60-490e-b136-31e15262e4c8
Police municipale - Paris,Caserne Napoléon  Rue de Lobau 75004 Paris,3211b073-8a82-4675-ad24-08004e56213c
Police municipale - Parmain,Place Georges-Clemenceau 95620 Parmain,9100129b-f319-4d9b-81e5-d4c4bed74489
Police municipale - Pavillon-Sous-Bois,Allée de Berlin 93320 Pavillon-Sous-Bois,93d9e924-a95f-4f3e-a7d5-efb444d6159d
Police municipale - Persan,65 avenue Gaston-Vermeire 95340 Persan,bbd61a6b-cdd8-4622-947a-7d4315177795
Police municipale - Pierrelaye,24 rue de Bessancourt 95480 Pierrelaye,7e85fb65-a292-4f78-b4bd-26eaab9d3449
Police municipale - Poissy,20 rue Jean-Claude-Mary 78300 Poissy,3d05e78d-16a4-4898-b927-bcbd1a48900b
Police municipale - Pommeuse,Avenue du Général-Huerne 77515 Pommeuse,f231da5b-c18f-46d7-b443-d90122340bbf
Police municipale - Pontault-Combault,82 avenue du Général-de-Gaulle 77340 Pontault-Combault,947711d1-a624-4ed1-b7eb-06657b2eefdc
Police municipale - Pontcarré,Place Jean-Moulin 77135 Pontcarré,a6ad36db-2f6a-4188-a840-ced772990216
Police municipale - Pontoise,Rue du Premier-Dragon 95000 Pontoise,95577ba9-7549-46b4-9aa9-4811a75129ac
Police municipale - Porcheville,17 boulevard de la République 78440 Porcheville,c26ac6e5-b04f-4803-8c6a-cb4c6c84cb9a
Police municipale - Presles,78 rue Pierre-Brossolette 95590 Presles,0ff0cf7d-5b93-417d-ae3d-7511b252581c
Police municipale - Pringy,1 bis rue des Écoles 77310 Pringy,671fec10-4808-43e3-bb45-5a04ced02678
Police municipale - Provin,5 place du Général-Leclerc 77160 Provin,7db09cd0-8b0f-4ef9-9020-f414960ed3bd
Police municipale - Quincy-sous-Sénart,5 rue de Combs-La-Ville 91480 Quincy-sous-Sénart,4c8dc655-5e9a-4080-9cc9-7615914abf31
Police municipale - Rambouillet,9 rue du Village 78120 Rambouillet,a562c6c6-193f-4472-abc8-fc1504c582a6
Police municipale - Ris-Orangis,3 rue Jean-Moulin 91130 Ris-Orangis,f53b9ac9-7e68-437a-99e4-c51bc9b9a06d
Police municipale - Roissy-en-Brie,7 boulevard de la Malibran 77680 Roissy-en-Brie,97299b98-a03e-44c8-b1d4-69d6dd99deb9
Police municipale - Roissy-en-France,53 rue Houdart 95700 Roissy-en-France,1337f9d4-04ee-4220-b341-7ca333dd8429
Police municipale - Romainville,Place de la Laïcité 93231 Romainville,7bc8ea8b-9e5e-4f5c-84bb-3ece27b43a5d
Police municipale - Rosny-sous-Bois,Centre administratif Hoffmann 66 rue Philibert Hoffmann 93110 Rosny-sous-Bois,a071c965-edc1-4ae4-8e4f-ce35f288980e
Police municipale - Rosny-sur-Seine,8 rue Dethan 78710 Rosny-sur-Seine,ac25ede2-edd9-4998-ab55-cdea0a2fcad9
Police municipale - Rozay-en-Brie,Place de-Gaulle 77540 Rozay-en-Brie,84de20b5-d263-4d91-ae09-e9971b84822b
Police municipale - Rueil-Malmaison,28 rue Pierre-Brossolette 92500 Rueil-Malmaison,946ee454-adc1-4f9c-a87a-d6099e3863f6
Police municipale - Rungis,35 place Louis-XIII 94150 Rungis,81a5d79a-e629-4e8e-8455-f5527efd52df
Police municipale - Saclay,6 place de la République 91400 Saclay,135de29c-cefb-40d6-8e54-191f08d7108f
Police municipale - Saint-Arnoult-en-Yvelines,Place du Jeu-de-Paume 78730 Saint-Arnoult-en-Yvelines,f137d3d6-8cf1-435f-a356-e4c4b5ad9eac
Police municipale - Saint-Brice-sous-Forêt,97 rue de Paris 95350 Saint-Brice-sous-Forêt,853c55a9-2f48-42ef-bbe2-27e666f1498f
Police municipale - Saint-Chéron,1 parc des Tourelles 91530 Saint-Chéron,7a300df4-c15c-451d-a50c-1a03d8203cbe
Police municipale - Saint-Cloud,13 place Charles-de-Gaulle 92 210 Saint-Cloud,6d14e36a-9ad4-4867-a7a9-523b15e6b178
Police municipale - Saint-Cyr-l'École,1 rue Victorien-Sardou 78210 Saint-Cyr-l'École,6e04829f-ff75-470c-9f49-dfb24176b704
Police municipale - Saint-Denis,7 rue Riant 93200 Saint-Denis,0e93e60d-4614-48dc-a7f9-3b0353d90d93
Police municipale - Saint-Denis,Pierrefitte-sur-Seine 21 place Jean-Jaurès 93380 Saint-Denis,0a8f4171-18cb-49e8-ae5b-c651cb03f206
Police municipale - Saint-Fargeau-Ponthierry,185 avenue de Fontainebleau 77310 Saint-Fargeau-Ponthierry,135dabc8-379a-4cfc-8d41-0c6bbd02fa99
Police municipale - Saint-Germain-en-Laye,1 place des Rotondes 78100 Saint-Germain-en-Laye,ace9c1e8-8404-4675-8c23-0a7c7a7dee37
Police municipale - Saint-Germain-lès-Arpajon,3 rue René-Décle 91180 Saint-Germain-lès-Arpajon,31cdfe95-6dc7-4c61-b8ce-8a09943cabaf
Police municipale - Saint-Germain-lès-Corbeil,5 route de Lieusaint 91250 Saint-Germain-lès-Corbeil,82f6bf4d-fd8c-48e5-90a8-08bd6a096f44
Police municipale - Saint-Germain-sur-Morin,1 place de la Mairie 77860 Saint-Germain-sur-Morin,6d1a5248-0d94-4b5f-817c-db67bc3350c5
Police municipale - Saint-Gratien,Centre commercial du Forum  Allée  Raimu 95210 Saint-Gratien,063bedc9-5d8e-4808-9f13-be321e2ecf2f
Police municipale - Saint-Jean-d'Angély,6 square de la Libération 17400 Saint-Jean-d'Angély,7df8c147-7523-4c3c-96c3-1ee7c03ffeed
Police municipale - Saint-Leu-la-Forêt,46 rue du Général-Leclerc 95320 Saint-Leu-la-Forêt,f8444dfb-f184-4fc5-98e0-0e5acf116f25
Police municipale - Saint-Mandé,18 bis chausée de l'Étang 94160 Saint-Mandé,8630c492-72ae-4ace-b21e-b902f8ab7a08
Police municipale - Saint-Martin-du-Tertre,Place de la Mairie 95270 Saint-Martin-du-Tertre,e71da7ea-5587-42b9-8353-9f8888529c37
Police municipale - Saint-Maur-des-Fossés,63 avenue du Bac 94100 Saint-Maur-des-Fossés,2cc5c9bd-6b5f-4824-a2c7-5c4723dd1ea2
Police municipale - Saint-Maurice,47 rue du Maréchal-Leclerc 94410 Saint-Maurice,b57c4b4d-864c-4895-9b75-735abce3c3e3
Police municipale - Saint-Michel-sur-Orge,centre municipal de La Guette 6 allée de la Guette 91240 Saint-Michel-sur-Orge,754349b6-dbae-4b07-94bc-bee5d99562f8
Police municipale - Saint-Nom-la-Bretèche,32 rue de la Fontaine-Des-Vaux 78860 Saint-Nom-la-Bretèche,ef446f06-28c0-4159-bf36-a5617e4161d2
Police municipale - Saint-Ouen-l'Aumône,12 avenue du Général-de-Gaulle 95310 Saint-Ouen-l'Aumône,dfd0e19a-8889-45c3-8547-deceeebca0fc
Police municipale - Saint-Ouen-sur-Seine,6 rue Adrien-Meslier 93400 Saint-Ouen-sur-Seine,5cc42d1d-539a-48e7-a01a-96e5922e1c98
Police municipale - Saint-Pierre-du-Perray,8 rue Antonio-Vivaldi 91280 Saint-Pierre-du-Perray,accb6a5a-6121-4ea2-9bfa-838e71a815df
Police municipale - Saint-Pierre-lès-Nemours,7 chemin de la Messe 77140 Saint-Pierre-lès-Nemours,968dc48d-9454-497a-a28b-70007ca841bd
Police municipale - Saint-Pons-de-Thomières,Place de Lattre-de-Tassigny 34220 Saint-Pons-de-Thomières,3cfe8313-3f8d-4da4-9b09-39e58d099cee
Police municipale - Saint-Rémy-lès-Chevreuse,2 rue Victor-Hugo 78470 Saint-Rémy-lès-Chevreuse,885c63a9-3a2a-43ec-8ae8-52bb200aba7f
Police municipale - Saint-Vrain,13 rue des Noblets 91770 Saint-Vrain,84f59d46-9136-4d38-b3c6-077842a7714a
Police municipale - Saint-Witz,1 place Isabelle-De-Vy 95470 Saint-Witz,7d073d1c-069d-427e-baca-5b7baabe1d17
Police municipale - Sainte-Geneviève-des-Bois,Route de Corbeil 91700 Sainte-Geneviève-des-Bois,ec656147-0a5c-41c2-9f77-eae0734f496f
Police municipale - Saintry-sur-Seine,57 Grande-Rue-Charles-de-Gaulle 91250 Saintry-sur-Seine,0b89dac4-4716-4d66-8d4c-d7a5cb6acbaf
Police municipale - Samois-Sur-Seine,cour du Foyer Django-Reinhardt Place de la République 77920 Samois-sur-Seine,423bcd05-3b2b-4a32-80c5-61cff4d477b1
Police municipale - Sannois,44 boulevard Charles-de-Gaulle 95110 Sannois,a1b3d256-0adc-47be-8dd6-5ac4e6dd5b9a
Police municipale - Sarcelles,32 rue des Noyers 95200 Sarcelles,b7970188-400a-4cca-8ba4-614b7f6c22b3
Police municipale - Sartrouville,2 rue Buffon 78500 Sartrouville,27138014-c3aa-4dd5-81fe-f05dc301c008
Police municipale - Saulx-les-Chartreux,62 rue de la Division-Leclerc 91160 Saulx-les-Chartreux,92830a92-fe7b-4982-9dcf-2866b7b52407
Police municipale - Savigny-le-Temple,13 allée de la Tramontane 77176 Savigny-le-Temple,00a19e6c-7f2b-4506-b475-e33f8fa41bd1
Police municipale - Savigny-sur-Orge,48 avenue Charles-de-Gaulle 91600 Savigny-sur-Orge,fdfef8bf-c6ff-4ce6-95da-72155f220be0
Police municipale - Saâcy-sur-Marne,Rue des Écoles 77730 Saâcy-sur-Marne,342826b4-6134-4446-90ce-2dbae790fcb0
Police municipale - Sceaux,122 rue Houdan 92330 Sceaux,1eef2395-35df-4fe8-b4d6-520ed24db5e8
Police municipale - Septeuil,6 place Louis-Fouché 78790 Septeuil,13519776-d656-43c3-9b91-2a67c6b7622e
Police municipale - Serris,12 rue Émile-Cloud 77700 Serris,ef9ec0ce-9d29-406a-9bc0-29866e567eff
Police municipale - Servon,15 rue de la Poste 77170 Servon,40368ed6-5089-470b-a8d6-59a3f93a16b9
Police municipale - Sevran,6 rue de la Gare 93270 Sevran,c02287e0-d0d1-4dbb-af91-ea05c3160f7a
Police municipale - Soisy-sous-Montmorency,1 rue Canot 95230 Soisy-sous-Montmorency,bc7acb94-0f40-4ce4-ab2e-34d9e33823e2
Police municipale - Soisy-sur-Seine,2 rue de l'Église 91450 Soisy-sur-Seine,2eb9d234-f879-4912-901e-cc29ff46b458
Police municipale - Souppes-sur-Loing,44 avenue du Maréchal-Leclerc 77460 Souppes-sur-Loing,fdec1020-1024-4c1c-84c7-7a06b966c336
Police municipale - Stains,15 avenue Aristide-Briand 93240 Stains,03f2b0ae-c919-40e8-8320-95baa3d53701
Police municipale - Sucy-en-Brie,8 place de la Fraternité 94370 Sucy-en-Brie,8a346677-3126-4ed8-a902-70914de9b393
Police municipale - Suresnes,3 bis rue Carnot 92150 Suresnes,4303dd34-e2c1-4758-83f8-ce59fcbb3b4f
Police municipale - Taverny,2 rue des Charmilles 95150 Taverny,e22d31fc-7444-42de-8f21-6c5aa1611d54
Police municipale - Thiais,111 rue du Pavé-De-Grignon 94320 Thiais,52d504ee-b9b9-4582-8540-27608004287b
Police municipale - Thomery,9 rue de la République 77810 Thomery,d888b404-e3b9-44eb-b17f-5cedbd1f2aff
Police municipale - Thorigny-sur-Marne,1 rue du Moulin-à-Vent 77400 Thorigny-sur-Marne,26268138-528b-4244-b746-1630847fa4d6
Police municipale - Tigery,2 place Beaufort 91250 Tigery,b2ae98b3-d6ef-402d-acfd-a1a4fe84b264
Police municipale - Torcy,Rue de la Mogotte 77200 Torcy,c4c457f0-2565-41fb-9d7a-1a6cd712a912
Police municipale - Tournan-en-Brie,55 rue de Paris 77220 Tournan-en-Brie,7b27701c-8287-4387-8e14-abe7fe49746b
Police municipale - Trappes,1 rue de la République 78190 Trappes,68915942-ee29-4d15-93fd-7cfbcaa3d59f
Police municipale - Triel-sur-Seine,12 rue de l'Hautil 78510 Triel-sur-Seine,7a4badab-0d2b-444a-9d45-5f8c3531ca55
Police municipale - Tréguier,1 Boulevard Anatole-Le-Braz 22220 Tréguier,4db1f390-41a3-4691-9eb7-a053267ef1e8
Police municipale - Vaires-sur-Marne,9 bis rue de la Liberté 77360 Vaires-sur-Marne,f3e2ce87-03d8-427b-a326-af425749ee5f
Police municipale - Valenton,48 rue du Colonel-Fabien 94460 Valenton,d97edec7-7675-4af8-93ff-93b7b34969ba
Police municipale - Vanves,55 rue Jean-Jaurès 92170 Vanves,af1cfe03-9482-46fc-907c-a6507c184c12
Police municipale - Varennes-Jarcy,Place Aristide-Briand 91480 Varennes-Jarcy,aad42454-10d2-4427-9a21-3a3a0b50ffcd
Police municipale - Vaujours,51 bis boulevard Jacques-Amyot 93410 Vaujours,76ad38a7-ec66-44cb-815a-d31672fec1b8
Police municipale - Vauréal,1 place du Cœur-Battant 95490 Vauréal,9c38e1cd-0983-4ee3-859f-1209a142c07a
Police municipale - Vaux-le-Pénil,479 bis rue de la Justice 77000 Vaux-le-Pénil,3b021601-e20d-4e7a-b7b0-8af2d5f7bd06
Police municipale - Vaux-sur-Seine,218 rue du Général-de-Gaulle 78740 Vaux-sur-Seine,1a58aa45-5c7b-4ba8-a58a-a954aa6e1128
Police municipale - Vendôme,Ville de Vendôme 41100 Vendôme,bbcb57c1-934a-4773-9cf3-4eed61d7dc5c
Police municipale - Verneuil-sur-Seine,21 rue aux Cannes 78480 Verneuil-sur-Seine,627c02af-ef14-4929-87ec-de51f1bedd53
Police municipale - Vernou-la-Celle-sur-Seine,Place des Anciens-Combattants 77670 Vernou-la-Celle-sur-Seine,4b2f5feb-da08-4369-86bf-732aa606b7ee
Police municipale - Vernouillet,9 rue Paul-Doumer 78540 Vernouillet,fba25a0e-ecf2-43b9-8a38-65e1a2fcc763
Police municipale - Verrières-le-Buisson,65 rue d'Estienne-d'Orves 91370 Verrières-le-Buisson,a55097ba-7e5a-4eea-949a-df69a3fc7ffe
Police municipale - Versailles,3bis passage Pilâtre-de-Rozier 78000 Versailles,c4e8790b-04a6-425a-a6a1-0e0864bd8f98
Police municipale - Vert-Saint-Denis,2 rue Pasteur 77240 Vert-Saint-Denis,cf9b14e7-03a6-4c73-a997-931afe3f2407
Police municipale - Vert-le-Grand,7 place de la Mairie 91810 Vert-le-Grand,440b7693-0ae1-4a9e-8e82-d15839aea5c7
Police municipale - Vert-le-petit,4 rue du Général-Leclerc 91710 Vert-le-Petit,5de40c41-a205-4512-8bbd-e046df9d3ad8
Police municipale - Viarmes,2 rue Eugène-Lair 95270 Viarmes,068cda6a-42a4-4471-9548-99b82659ecd7
Police municipale - Vigneux-sur-Seine,75 rue Pierre-Marin 91270 Vigneux-sur-Seine,90894501-5df9-4980-bba1-4ea8da8c7e49
Police municipale - Villabé,34 avenue du 8-mai-1945 91100 Villabé,4af99bdb-bddd-41fb-a5f6-176ee01468a2
Police municipale - Ville-d'Avray,13 rue de Saint-Cloud 92410 Ville-d'Avray,ca48f539-842c-4216-9b68-8f48c320af72
Police municipale - Ville-la-Grand,Place du Passage-à-l'An-2000 74100 Ville-la-Grand,26a5f7fd-1e76-4cea-8d69-57be0cf60ee2
Police municipale - Villebon-sur-Yvette,18 rue des Casseaux 91140 Villebon-sur-Yvette,b6a3314e-fe9f-4f86-99f0-5c4a730a1189
Police municipale - Villejuif,29 rue Georges-Lebigot 94800 Villejuif,25e2db3e-9951-46f2-a295-0872153dfa07
Police municipale - Villejust,Rue de la Mairie 91140 Villejust,4befb8c3-1805-4f51-a3c2-05e055d7d548
Police municipale - Villemomble,13 bis rue d'Avron 93250 Villemomble,636fe7e2-0467-4ac1-9100-dbd027f9f8e1
Police municipale - Villeneuve-Saint-Georges,13 rue de la Marne 94190 Villeneuve-Saint-Georges,456220d0-abf5-4297-88f0-5438a6b23f53
Police municipale - Villeneuve-la-Garenne,28 avenue de Verdun 92390 Villeneuve-la-Garenne,6eeb7aa4-4ab5-4a1d-8a06-f05c002ad55f
Police municipale - Villeneuve-le-Roi,54 avenue Carnot 94290 Villeneuve-le-Roi,4cb40bc6-f48e-4083-a7a3-8767b1369ae8
Police municipale - Villennes-sur-Seine,36 avenue Foch 78670 Villennes-sur-Seine,4c9dfcdd-dcf8-4788-a67e-9d07c629c7d8
Police municipale - Villeparisis,Maison de la sécurité et de la prévention 48 avenue du Général de Gaulle 77270 Villeparisis,13663ba8-eb23-4c00-847e-31860e60d1e4
Police municipale - Villepinte,Rue Clarissa-Jean-Philippe 93420 Villepinte,3dd59c73-d95e-41c4-86cd-8e1e3b2b7273
Police municipale - Villepreux,17 square de l'Hébergerie 78450 Villepreux,976cf962-16a4-46d0-9683-868d76fed27a
Police municipale - Villetaneuse,1 place de Hôtel-de-Ville 93430 Villetaneuse,abb99b09-a6b4-4158-b77d-139d00a8a4af
Police municipale - Villevaudé,Entrée à droite de la mairie Montjay-la-Tour 27 rue Charles-de-Gaulle 77410 Villevaudé,0993777f-2cf1-4831-9f72-7f3c850a5092
Police municipale - Villiers-Saint-Frédéric,2 rue Charles-de-Gaulle 78640 Villiers-Saint-Frédéric,3d45d00f-4640-4640-9d55-623f450f70c8
Police municipale - Villiers-le-Bel,4 rue du Pressoir 95400 Villiers-le-Bel,b0f7c198-24e9-4fb3-9061-c8f8740e9a3c
Police municipale - Villiers-sur-Marne,1 place Joséphine-Piquet 94350 Villiers-sur-Marne,8be10c2d-8848-4105-af80-98d94167aab3
Police municipale - Villiers-sur-Morin,38 rue de Paris 77580 Villiers-sur-Morin,a1a6147c-b9c3-48f1-ab75-bff8c176012e
Police municipale - Vincennes,5 rue Eugène-Renaud 94300 Vincennes,5896c627-5292-450c-94ac-5b95dcf20d5f
Police municipale - Viroflay,2 place du Général-de-Gaulle 78220 Viroflay,1f1469e1-3102-422b-be4d-0fd838aa96e5
Police municipale - Viry-Châtillon,Place de la République 91170 Viry-Châtillon,fee54512-89d0-44e1-88b1-b33616b4deac
Police municipale - Vitry-sur-Seine,11 allée du Coteau 94400 Vitry-sur-Seine,0283cccb-9263-491f-962c-8e5a71508914
Police municipale - Voisins-le-Bretonneux,3 rue Hélène-Boucher 78960 Voisins-le-Bretonneux,3c84ba02-e0b4-40ae-b734-d56164d4e7dd
Police municipale - Vulaines-Sur-Seine,6 rue Riché 77870 Vulaines-Sur-Seine,5849e918-7b4d-4de6-b98d-71c055d3046a
Police municipale - Vélizy-Villacoublay,2 place de l'Hôtel-de-Ville 78140 Vélizy-Villacoublay,5bc2bc6d-67d0-48af-961b-9ec3e69ffed2
Police municipale - Wissous,5 rue de la Division-Leclerc 91320 Wissous,81901214-b56a-49e2-b807-5ffbf394990d
Police municipale - Yerres,4 ter rue Marc-Sangnier 91330 Yerres,b6189ec7-f638-4b41-bfc1-5859ce6b1fd9
Police municipale - Émerainville,16 place de l'Europe 77184 Émerainville,a5c1ef05-888d-4b7e-8493-6ad339b408d1
Police municipale - Épinay-sous-Sénart,1 rue Jules-Massenet 91860 Épinay-sous-Sénart,bbb0427d-e1fe-40a4-b4d3-709c241607d1
Police municipale - Épinay-sur-Orge,8 rue de l'Église 91360 Épinay-sur-Orge,c3a1a602-7430-4ec2-8efc-66e57bcdba03
Police municipale - Épinay-sur-Seine,1 rue Guynemer 93800 Épinay-sur-Seine,c7d17bc6-1f7c-432d-8506-8b57b972e23b
Police municipale - Épône,75 avenue du Professeur-Émile-Sergent 78680 Épône,b08a48aa-b724-4ccc-af2c-045c2e75900f
Police municipale - Éragny‑sur‑Oise,Rue Salvador-Allende 95610 Éragny‑sur‑Oise,3fee3733-6b90-4527-9683-8b768e96071a
Police municipale - Étampes,4 rue Saint-Antoine 91150 Étampes,93a42d07-f6e1-450f-a5ae-1f8eab15e1fb
Police municipale - Étiolles,1 rue de Thouars 91450 Étiolles,7f1c8bc8-af41-45f3-80bc-e799ef7c450d
Police municipale - Étréchy,4 boulevard des Lavandières 91580 Étréchy,9e879d7f-4383-40a4-813c-3c88d84ade51
Police municipale - Évry-Courcouronnes,6 clos de la Cathédrale 91000 Évry-Courcouronnes,bae051a1-4eda-44e0-ac61-42d500e57993
Police municipale - Ézanville,6 rue Anglade 95460 Ézanville,0a91e2a9-ef7a-46a1-bc6b-607d48fe5e5c
Police municipale -Tremblay-en-France,12 boulevard de l'Hôtel de ville 93290 Tremblay-en-France,ebe5f8ef-b188-44e4-9f08-bd8649191d4f
Police municipale intercommunale - Communauté d'Agglomération du Pays de Meaux -Nanteuil-les-Meaux - Fublaines -  Mareuil-les-Meaux - Penchard - Poincy - Trilport - Villenoy - Barcy - Chambry - Isles-les-Villenoy - Trilbardou - Varreddes - Vignely -,1 rue Louise Michel 77640 Jouarre,85975b90-7640-4222-afdb-7bff45632bd4
"Police pluricommunale - Mandres-les-Roses, Santeny, Périgny-sur-Yerres, Marolles-en-Brie",1 bis rue de la Fontaine 94400 Santeny,0b70e957-65a0-45e7-b2a5-8fe47b51ceab
Police pluricommunale - Ormesson-Noiseau,57 avenue Wladimir-d'Ormesson 94490 Ormesson-sur-Marne,7f524836-6041-4c39-bfec-c0396f958009
Police pluricommunale - Quessoy - Pommeret,Place de la Mairie 22120 Quessoy,8278a32c-35b6-4865-8395-be63948e7e27
